https://api.zan.top/eth-mainnet,1,0,ethereum,error
https://go.getblock.io/aefd01aa907c4805ba3c00a9e5b48c6b,1,0,ethereum,present
https://1rpc.io/eth,1,1,ethereum,present
https://eth.drpc.org,1,1,ethereum,present
https://0xrpc.io/eth,1,1,ethereum,present
https://eth.merkle.io,1,1,ethereum,present
https://rpc.payload.de,1,1,ethereum,present
https://eth1.lava.build,1,1,ethereum,present
https://eth.meowrpc.com,1,1,ethereum,present
https://eth.llamarpc.com,1,1,ethereum,present
https://rpc.mevblocker.io,1,1,ethereum,present
https://rpc.flashbots.net,1,1,ethereum,present
https://uk.rpc.blxrbdn.com,1,1,ethereum,present
https://rpc.eth.gateway.fm,1,1,ethereum,present
https://ethereum.therpc.io,1,1,ethereum,present
https://eth.blockrazor.xyz,1,1,ethereum,present
https://eth.rpc.blxrbdn.com,1,1,ethereum,present
https://eth-pokt.nodies.app,1,1,ethereum,present
https://core.gashawk.io/rpc,1,1,ethereum,present
https://eth.nodeconnect.org,1,1,ethereum,error
https://rpc.poolz.finance/eth,1,1,ethereum,present
https://rpc.notadegen.com/eth,1,1,ethereum,error
https://rpc.flashbots.net/fast,1,1,ethereum,present
https://rpc.mevblocker.io/fast,1,1,ethereum,present
https://ethereum.publicnode.com,1,1,ethereum,present
https://virginia.rpc.blxrbdn.com,1,1,ethereum,present
https://singapore.rpc.blxrbdn.com,1,1,ethereum,present
https://ethereum-public.nodies.app,1,1,ethereum,present
https://rpc.mevblocker.io/noreverts,1,1,ethereum,present
https://mainnet.gateway.tenderly.co,1,1,ethereum,present
https://ethereum-rpc.publicnode.com,1,1,ethereum,present
https://eth.api.onfinality.io/public,1,1,ethereum,present
https://rpc.mevblocker.io/fullprivacy,1,1,ethereum,present
https://eth-mainnet.public.blastapi.io,1,1,ethereum,present
https://gateway.tenderly.co/public/mainnet,1,1,ethereum,present
https://ethereum.rpc.subquery.network/public,1,1,ethereum,present
https://ethereum.public.blockpi.network/v1/rpc/public,1,1,ethereum,present
https://eth-mainnet.nodereal.io/v1/1659dfb40aa24bbb8153a677b98064d7,1,1,ethereum,present
https://eth-mainnet.alchemyapi.io/v2/VsPzIezK0AtqsnrWAuV0Gew-MS7H_E5E,1,1,ethereum,present
https://eth-mainnet.alchemyapi.io/v2/84tGz8xVIWFkagsaSzNjObh7aSPbxeXD,1,1,ethereum,present
https://eth-mainnet.rpcfast.com?api_key=xbhWBI1Wkguk8SNMu1bvvLurPGLXmgwYeC4S6g2H7WdwFigZSmPWVZRxrskEQwIf,1,1,ethereum,present
https://openapi.bitstack.com/v1/wNFxbiJyQsSeLrX8RRCHi7NpRxrlErZk/DjShIqLishPCTB9HiMkPHXjUM9CNM9Na/ETH/mainnet,1,1,ethereum,present
https://1rpc.io/op,10,0,optimism,present
https://optimism.drpc.org,10,0,optimism,present
https://mainnet.optimism.io,10,0,optimism,present
https://optimism.gateway.tenderly.co,10,0,optimism,present
https://gateway.tenderly.co/public/optimism,10,0,optimism,present
https://opt-mainnet.g.alchemy.com/v2/7urLa-8k2RR_UYc0exh-b0qg4xySL5KA,10,0,optimism,present
https://opt-mainnet.g.alchemy.com/v2/3glkhRJRgzHCB2NbDwiQa7G_FTdqn3-T,10,0,optimism,present
https://0xrpc.io/op,10,1,optimism,present
https://op-pokt.nodies.app,10,1,optimism,present
https://optimism.therpc.io,10,1,optimism,present
https://api.zan.top/opt-mainnet,10,1,optimism,present
https://optimism-public.nodies.app,10,1,optimism,present
https://optimism-rpc.publicnode.com,10,1,optimism,present
https://optimism.api.onfinality.io/public,10,1,optimism,present
https://optimism-mainnet.public.blastapi.io,10,1,optimism,present
https://optimism.rpc.subquery.network/public,10,1,optimism,present
https://optimism.public.blockpi.network/v1/rpc/public,10,1,optimism,present
https://go.getblock.io/e8a75f8dcf614861becfbcb185be6eb4,10,1,optimism,present
https://rpc.au.cc/flare,14,1,flare,present
https://rpc.ankr.com/flare,14,1,flare,present
https://flare.rpc.thirdweb.com,14,1,flare,present
https://flare.solidifi.app/ext/C/rpc,14,1,flare,present
https://flare-api.flare.network/ext/C/rpc,14,1,flare,present
https://evm.cronos.org,25,0,cronosevm,present
https://cronos.drpc.org,25,0,cronosevm,present
https://cronos-evm-rpc.publicnode.com,25,0,cronosevm,present
https://evm-dev.cronos.org,25,1,cronosevm,present
https://1rpc.io/cro,25,2,cronosevm,present
https://rpc.vvs.finance,25,2,cronosevm,present
https://mycrypto.rsk.co,30,0,rootstock,present
https://public-node.rsk.co,30,0,rootstock,present
https://rootstock.drpc.org,30,0,rootstock,present
https://rootstock-mainnet.public.blastapi.io,30,1,rootstock,present
https://mycrypto.testnet.rsk.co,31,0,rootstock-testnet,present
https://public-node.testnet.rsk.co,31,0,rootstock-testnet,present
https://rootstock-testnet.drpc.org,31,1,rootstock-testnet,present
https://dimension-evm-rpc.xpla.dev,37,0,xpla,present
https://rpc.telos.net,40,0,telos,present
https://telos.drpc.org,40,0,telos,present
https://rpc.ankr.com/telos,40,0,telos,present
https://rpc.poolz.finance/telos,40,0,telos,present
https://rpc.testnet.telos.net,41,0,telos-testnet,present
https://cube-evm-rpc.xpla.dev,47,1,xpla-testnet,present
https://aic.acria.ai,47,2,xpla-testnet,none
https://rpc.xdc.org,50,0,xdc,present
https://rpc.ankr.com/xdc,50,0,xdc,present
https://rpc.xdcrpc.com,50,1,xdc,present
https://rpc.xdc.network,50,1,xdc,present
https://erpc.xdcrpc.com,50,1,xdc,present
https://1rpc.io/bnb,56,0,bsc,present
https://rpc.poolz.finance/bsc,56,0,bsc,present
https://api.zan.top/bsc-mainnet,56,0,bsc,present
https://0.48.club,56,1,bsc,present
https://bsc.drpc.org,56,1,bsc,present
https://bsc.therpc.io,56,1,bsc,present
https://rpc-bsc.48.club,56,1,bsc,present
https://bsc.meowrpc.com,56,1,bsc,present
https://bsc.nownodes.io,56,1,bsc,error
https://bsc.blockrazor.xyz,56,1,bsc,present
https://binance.nodereal.io,56,1,bsc,present
https://bsc.rpc.blxrbdn.com,56,1,bsc,present
https://binance.llamarpc.com,56,1,bsc,present
https://bsc-rpc.publicnode.com,56,1,bsc,present
https://bsc-dataseed4.defibit.io,56,1,bsc,present
https://bsc-dataseed1.defibit.io,56,1,bsc,present
https://bsc-dataseed3.defibit.io,56,1,bsc,present
https://bsc-dataseed2.defibit.io,56,1,bsc,present
https://bsc-dataseed.bnbchain.org,56,1,bsc,present
https://bsc-dataseed1.ninicoin.io,56,1,bsc,present
https://bsc-dataseed2.ninicoin.io,56,1,bsc,present
https://bsc-dataseed4.ninicoin.io,56,1,bsc,present
https://bsc-dataseed3.ninicoin.io,56,1,bsc,present
https://bsc-dataseed4.bnbchain.org,56,1,bsc,present
https://bsc-dataseed1.bnbchain.org,56,1,bsc,present
https://bsc-dataseed2.bnbchain.org,56,1,bsc,present
https://bsc-dataseed3.bnbchain.org,56,1,bsc,present
https://bnb.api.onfinality.io/public,56,1,bsc,present
https://bsc-mainnet.public.blastapi.io,56,1,bsc,present
https://binance-smart-chain-public.nodies.app,56,1,bsc,present
https://go.getblock.io/cc778cdbdf5c4b028ec9456e0e6c0cf3,56,1,bsc,present
https://bsc-mainnet.nodereal.io/v1/64a9df0874fb4a93b9d0a3849de012d3,56,1,bsc,present
https://bsc-mainnet.rpcfast.com?api_key=xbhWBI1Wkguk8SNMu1bvvLurPGLXmgwYeC4S6g2H7WdwFigZSmPWVZRxrskEQwIf,56,1,bsc,present
https://bnb.rpc.subquery.network/public,56,2,bsc,present
https://1rpc.io/oktc,66,0,okx,present
https://oktc.drpc.org,66,0,okx,present
https://exchainrpc.okex.org,66,1,okx,present
https://oktc-mainnet.public.blastapi.io,66,1,okx,present
https://okt-chain.api.onfinality.io/public,66,1,okx,present
https://evmtestnet.confluxrpc.com,71,1,conflux-testnet,present
https://rpc-3.japanopenchain.org,81,1,joc,none
https://rpc-1.japanopenchain.org:8545,81,1,joc,none
https://rpc-2.japanopenchain.org:8545,81,1,joc,none
https://rpc.meter.io,82,0,meter,none
https://meter.blockpi.network/v1/rpc/public,82,0,meter,none
https://rpctest.meter.io,83,1,meter-testnet,present
https://viction.drpc.org,88,0,tomo,present
https://rpc.viction.xyz,88,1,tomo,present
https://viction.blockpi.network/v1/rpc/public,88,1,tomo,present
https://api.zan.top/bsc-testnet,97,0,bsc-testnet,present
https://bsc-testnet.drpc.org,97,1,bsc-testnet,present
https://bsc-testnet-rpc.publicnode.com,97,1,bsc-testnet,present
https://bsc-testnet.public.blastapi.io,97,1,bsc-testnet,present
https://bnb-testnet.api.onfinality.io/public,97,1,bsc-testnet,present
https://data-seed-prebsc-1-s1.binance.org:8545,97,1,bsc-testnet,present
https://data-seed-prebsc-1-s3.binance.org:8545,97,1,bsc-testnet,present
https://data-seed-prebsc-1-s2.binance.org:8545,97,1,bsc-testnet,present
https://data-seed-prebsc-2-s2.binance.org:8545,97,1,bsc-testnet,present
https://data-seed-prebsc-2-s1.binance.org:8545,97,1,bsc-testnet,present
https://data-seed-prebsc-1-s1.bnbchain.org:8545,97,1,bsc-testnet,present
https://data-seed-prebsc-2-s1.bnbchain.org:8545,97,1,bsc-testnet,present
https://data-seed-prebsc-1-s2.bnbchain.org:8545,97,1,bsc-testnet,present
https://data-seed-prebsc-2-s2.bnbchain.org:8545,97,1,bsc-testnet,present
https://data-seed-prebsc-2-s3.bnbchain.org:8545,97,1,bsc-testnet,present
https://data-seed-prebsc-1-s3.bnbchain.org:8545,97,1,bsc-testnet,present
https://0xrpc.io/gno,100,0,gnosis,present
https://1rpc.io/gnosis,100,0,gnosis,present
https://gnosis.drpc.org,100,0,gnosis,present
https://gnosis.oat.farm,100,1,gnosis,present
https://rpc.gnosischain.com,100,1,gnosis,present
https://rpc.gnosis.gateway.fm,100,1,gnosis,present
https://gnosis-pokt.nodies.app,100,1,gnosis,present
https://gnosis-public.nodies.app,100,1,gnosis,present
https://gnosis-rpc.publicnode.com,100,1,gnosis,present
https://gnosis-mainnet.public.blastapi.io,100,1,gnosis,present
https://rpc.ap-southeast-1.gateway.fm/v4/gnosis/non-archival/mainnet,100,1,gnosis,present
https://coston2.enosys.global/ext/C/rpc,114,1,flare-testnet,present
https://coston2-api.flare.network/ext/C/rpc,114,1,flare-testnet,present
https://flare-testnet-coston2.rpc.thirdweb.com,114,1,flare-testnet,present
https://fuse.drpc.org,122,0,fuse,present
https://rpc.fuse.io,122,1,fuse,present
https://fuse.liquify.com,122,1,fuse,present
https://fuse-pokt.nodies.app,122,1,fuse,present
https://fuse-public.nodies.app,122,1,fuse,present
https://rpc.fusespark.io,123,1,fusespark,present
https://unichain.drpc.org,130,0,unichain,present
https://mainnet.unichain.org,130,0,unichain,present
https://rpc.poolz.finance/unichain,130,0,unichain,present
https://0xrpc.io/uni,130,1,unichain,present
https://unichain.therpc.io,130,1,unichain,present
https://unichain-rpc.publicnode.com,130,1,unichain,present
https://unichain.api.onfinality.io/public,130,1,unichain,present
https://1rpc.io/matic,137,0,polygon,present
https://polygon-rpc.com,137,0,polygon,present
https://rpc.poolz.finance/polygon,137,0,polygon,present
https://gateway.tenderly.co/public/polygon,137,0,polygon,present
https://go.getblock.io/02667b699f05444ab2c64f9bff28f027,137,0,polygon,present
https://polygon.drpc.org,137,1,polygon,present
https://polygon.therpc.io,137,1,polygon,present
https://polygon.lava.build,137,1,polygon,present
https://polygon-pokt.nodies.app,137,1,polygon,present
https://polygon-public.nodies.app,137,1,polygon,present
https://polygon.gateway.tenderly.co,137,1,polygon,present
https://api.zan.top/polygon-mainnet,137,1,polygon,present
https://rpc-mainnet.matic.quiknode.pro,137,1,polygon,present
https://polygon-bor-rpc.publicnode.com,137,1,polygon,present
https://polygon.api.onfinality.io/public,137,1,polygon,present
https://polygon-mainnet.public.blastapi.io,137,1,polygon,present
https://polygon.rpc.subquery.network/public,137,1,polygon,present
https://polygon-mainnet.g.alchemy.com/v2/q3f-QpPeM_g7rL3G21Cr9tFeuYAquyYl,137,1,polygon,present
https://polygon-mainnet.g.alchemy.com/v2/me6Q04fTd2kTT74BUYAp82d_3KL-ObCw,137,1,polygon,present
https://sonic.drpc.org,146,0,sonic,present
https://rpc.soniclabs.com,146,0,sonic,present
https://sonic.therpc.io,146,1,sonic,present
https://sonic-rpc.publicnode.com,146,1,sonic,present
https://sonic-json-rpc.stakely.io,146,1,sonic,present
https://sonic.api.onfinality.io/public,146,1,sonic,present
https://json-rpc.evm.shimmer.network,148,1,shimmer,none
https://1rpc.io/manta,169,0,manta,present
https://manta.nirvanalabs.xyz/mantapublic,169,0,manta,present
https://manta-pacific.drpc.org,169,1,manta,present
https://r1.pacific.manta.systems/http,169,1,manta,present
https://pacific-rpc.manta.network/http,169,1,manta,present
https://xlayer-testnet.drpc.org,195,0,xlayer-testnet,present
https://rpc.ankr.com/xlayer_testnet,195,0,xlayer-testnet,present
https://testrpc.xlayer.tech,195,1,xlayer-testnet,present
https://xlayertestrpc.okx.com,195,1,xlayer-testnet,present
https://moonbase-rpc.dwellir.com,195,2,xlayer-testnet,present
https://xlayerrpc.okx.com,196,0,xlayer,present
https://rpc.ankr.com/xlayer,196,0,xlayer,present
https://xlayer.drpc.org,196,1,xlayer,present
https://rpc.xlayer.tech,196,1,xlayer,present
https://1rpc.io/opbnb,204,0,opbnb,present
https://opbnb.drpc.org,204,0,opbnb,present
https://opbnb-mainnet-rpc.bnbchain.org,204,0,opbnb,present
https://opbnb-mainnet.nodereal.io/v1/e9a36765eb8a40b9bd12e680a1fd2bc5,204,0,opbnb,present
https://opbnb.therpc.io,204,1,opbnb,present
https://opbnb.publicnode.com,204,1,opbnb,present
https://opbnb-rpc.publicnode.com,204,1,opbnb,present
https://opbnb-mainnet.nodereal.io/v1/64a9df0874fb4a93b9d0a3849de012d3,204,1,opbnb,present
https://lens.drpc.org,232,0,lens,present
https://rpc.lens.xyz,232,1,lens,present
https://light-icy-dinghy.lens-mainnet.quiknode.pro,232,1,lens,present
https://rpc.tac.build,239,0,tac,present
https://rpc.ankr.com/tac,239,0,tac,present
https://tac.therpc.io,239,1,tac,present
https://testnet.zkevm.cronos.org,240,0,cronoszkevm-testnet,present
https://seed.testnet.zkevm.cronos.org,240,0,cronoszkevm-testnet,present
https://1rpc.io/ftm,250,1,fantom,present
https://fantom.drpc.org,250,1,fantom,present
https://fantom.therpc.io,250,1,fantom,present
https://rpc.fantom.network,250,1,fantom,present
https://rpc3.fantom.network,250,1,fantom,present
https://rpc2.fantom.network,250,1,fantom,present
https://rpcapi.fantom.network,250,1,fantom,present
https://fantom-pokt.nodies.app,250,1,fantom,present
https://api.zan.top/ftm-mainnet,250,1,fantom,present
https://fantom-public.nodies.app,250,1,fantom,present
https://fantom-rpc.publicnode.com,250,1,fantom,present
https://fantom-json-rpc.stakely.io,250,1,fantom,present
https://fantom.api.onfinality.io/public,250,1,fantom,present
https://fantom-mainnet.public.blastapi.io,250,1,fantom,present
https://rpc.frax.com,252,1,fraxtal,present
https://fraxtal.drpc.org,252,1,fraxtal,present
https://fraxtal-rpc.publicnode.com,252,1,fraxtal,present
https://fraxtal.gateway.tenderly.co,252,1,fraxtal,present
https://rpc.orderly.network,291,1,orderly,present
https://mainnet.hashio.io/api,295,0,hedera,present
https://hedera.linkpool.pro,295,1,hedera,present
https://testnet.hashio.io/api,296,0,hedera-testnet,present
https://sepolia.era.zksync.dev,300,0,zksync-sepolia,present
https://zksync-sepolia.drpc.org,300,0,zksync-sepolia,present
https://rpc.ankr.com/zksync_era_sepolia,300,0,zksync-sepolia,present
https://zksync.drpc.org,324,0,zksync,present
https://1rpc.io/zksync2-era,324,0,zksync,present
https://mainnet.era.zksync.io,324,0,zksync,present
https://rpc.ankr.com/zksync_era,324,0,zksync,present
https://api.zan.top/zksync-mainnet,324,1,zksync,present
https://zksync.api.onfinality.io/public,324,1,zksync,present
https://go.getblock.io/f76c09905def4618a34946bf71851542,324,1,zksync,present
https://subnets.avax.network/defi-kingdoms/dfk-chain-testnet/rpc,335,0,dfk-testnet,present
https://evm-dev-t3.cronos.org,338,0,cronosevm-testnet,none
https://cronos-testnet.drpc.org,338,0,cronosevm-testnet,none
https://evm-t3.cronos.org,338,1,cronosevm-testnet,none
https://seed.zkevm.cronos.org,388,0,cronoszkevm,none
https://cronos-zkevm.drpc.org,388,0,cronoszkevm,none
https://mainnet.zkevm.cronos.org,388,0,cronoszkevm,none
https://rpc.form.network/http,478,1,form-testnet,present
https://rpc.form.network/infra-partner-http,478,1,form-testnet,present
https://480.rpc.thirdweb.com,480,0,worldchain,present
https://worldchain-mainnet.gateway.tenderly.co,480,0,worldchain,present
https://worldchain-mainnet.g.alchemy.com/public,480,0,worldchain,present
https://worldchain.drpc.org,480,1,worldchain,present
https://sparkling-autumn-dinghy.worldchain-mainnet.quiknode.pro,480,1,worldchain,present
https://testnet.evm.nodes.onflow.org,545,0,flow-testnet,present
https://1rpc.io/astr,592,1,astar,present
https://evm.astar.network,592,1,astar,present
https://astar-rpc.dwellir.com,592,1,astar,present
https://astar.public.blastapi.io,592,1,astar,present
https://astar.api.onfinality.io/public,592,1,astar,present
https://astar.public.curie.radiumblock.co/ws,592,1,astar,present
https://astar.public.curie.radiumblock.co/http,592,1,astar,present
https://mainnet.evm.nodes.onflow.org,747,0,flow,present
https://sepolia.mode.network,919,1,mode-testnet,present
https://mode-testnet.drpc.org,919,1,mode-testnet,present
https://test.chain.opentensor.ai,945,1,subtensorevm-testnet,present
https://bittensor-testnet-lite-public.nodies.app,945,1,subtensorevm-testnet,present
https://rpc.lyra.finance,957,1,lyra,present
https://lite.chain.opentensor.ai,964,0,subtensorevm,present
https://bittensor-lite-public.nodies.app,964,1,subtensorevm,present
https://rpc.hyperliquid-testnet.xyz/evm,998,0,hyperliquid-testnet,present
https://spectrum-01.simplystaking.xyz/hyperliquid-tn-rpc/evm,998,1,hyperliquid-testnet,present
https://hyperliquid.drpc.org,999,0,hyperliquid,present
https://rpc.hyperliquid.xyz/evm,999,0,hyperliquid,present
https://rpc.hypurrscan.io,999,1,hyperliquid,present
https://rpc.hyperlend.finance,999,1,hyperliquid,present
https://hyperliquid-json-rpc.stakely.io,999,1,hyperliquid,present
https://rpc.ankr.com/kaia_testnet,1001,0,klaytn-baobab,present
https://kaia-kairos.gateway.tatum.io,1001,1,klaytn-baobab,present
https://public-en-kairos.node.kaia.io,1001,1,klaytn-baobab,present
https://kaia-kairos.blockpi.network/v1/rpc/public,1001,1,klaytn-baobab,present
https://responsive-green-emerald.kaia-kairos.quiknode.pro,1001,1,klaytn-baobab,present
https://conflux-espace.blockpi.network/v1/rpc/public,1030,0,conflux,present
https://evm.confluxrpc.com,1030,1,conflux,present
https://conflux-espace-public.unifra.io,1030,1,conflux,present
https://json-rpc.evm.iotaledger.net,1075,1,iota-testnet,present
https://metis-andromeda.rpc.thirdweb.com,1088,0,metis,present
https://metis.drpc.org,1088,1,metis,present
https://metis-pokt.nodies.app,1088,1,metis,present
https://metis-public.nodies.app,1088,1,metis,present
https://metis-rpc.publicnode.com,1088,1,metis,present
https://andromeda.metis.io/?owner=1088,1088,1,metis,present
https://metis.api.onfinality.io/public,1088,1,metis,present
https://metis-mainnet.public.blastapi.io,1088,1,metis,present
https://metis-andromeda.gateway.tenderly.co,1088,1,metis,present
https://zkevm-rpc.com,1101,0,zkevm,present
https://1rpc.io/polygon/zkevm,1101,0,zkevm,present
https://polygon-zkevm.drpc.org,1101,0,zkevm,present
https://rpc.polygon-zkevm.gateway.fm,1101,1,zkevm,present
https://polygon-zkevm-mainnet.public.blastapi.io,1101,1,zkevm,present
https://polygon-zkevm-public.nodies.app,1101,2,zkevm,present
https://core-testnet.drpc.org,1115,0,coredao-testnet,present
https://rpc.test.btcs.network,1115,1,coredao-testnet,present
https://1rpc.io/core,1116,0,coredao,present
https://core.drpc.org,1116,0,coredao,present
https://rpc.ankr.com/core,1116,0,coredao,present
https://api.zan.top/core-mainnet,1116,0,coredao,present
https://rpc.coredao.org,1116,1,coredao,present
https://rpc-core.icecreamswap.com,1116,1,coredao,present
https://lisk.drpc.org,1135,0,lisk,present
https://rpc.api.lisk.com,1135,0,lisk,present
https://lisk.gateway.tenderly.co,1135,0,lisk,present
https://1rpc.io/glmr,1284,0,moonbeam,present
https://moonbeam.drpc.org,1284,1,moonbeam,present
https://moonbeam.therpc.io,1284,1,moonbeam,present
https://moonbeam.unitedbloc.com,1284,1,moonbeam,present
https://rpc.api.moonbeam.network,1284,1,moonbeam,present
https://moonbeam-rpc.dwellir.com,1284,1,moonbeam,present
https://rpc.poolz.finance/moonbeam,1284,1,moonbeam,present
https://moonbeam-rpc.publicnode.com,1284,1,moonbeam,present
https://moonbeam.api.onfinality.io/public,1284,1,moonbeam,present
https://moonbeam.public.curie.radiumblock.co/ws,1284,1,moonbeam,present
https://moonriver.drpc.org,1285,1,moonriver,present
https://moonriver.unitedbloc.com,1285,1,moonriver,present
https://moonriver-rpc.dwellir.com,1285,1,moonriver,present
https://moonriver-rpc.publicnode.com,1285,1,moonriver,present
https://rpc.api.moonriver.moonbeam.network,1285,1,moonriver,present
https://moonriver.api.onfinality.io/public,1285,1,moonriver,present
https://moonbase.unitedbloc.com,1287,1,moonbase,present
https://moonbase-alpha.drpc.org,1287,1,moonbase,present
https://moonbase-rpc.dwellir.com,1287,1,moonbase,present
https://rpc.api.moonbase.moonbeam.network,1287,1,moonbase,present
https://moonbeam-alpha.api.onfinality.io/public,1287,1,moonbase,present
https://rpc.glue.net,1300,1,glue,none
https://mainnet-node.m9.glue.net,1300,1,glue,none
https://sepolia.unichain.org,1301,0,kevnet-testnet,present
https://unichain-sepolia.drpc.org,1301,0,kevnet-testnet,present
https://unichain-sepolia.therpc.io,1301,1,kevnet-testnet,present
https://unichain-sepolia-rpc.publicnode.com,1301,1,kevnet-testnet,present
https://unichain-sepolia.api.onfinality.io/public,1301,1,kevnet-testnet,present
https://sei.drpc.org,1329,0,sei,present
https://evm-rpc.sei-apis.com,1329,1,sei,present
https://sei-public.nodies.app,1329,1,sei,present
https://sei-evm-rpc.stakeme.pro,1329,1,sei,present
https://testnet.sentry.chain.json-rpc.injective.network,1439,0,injective1439-testnet,present
https://injectiveevm-testnet-rpc.polkachu.com,1439,1,injective1439-testnet,present
https://rpc.vana.org,1480,0,islander,present
https://evm-rpc-vana.j-node.net,1480,2,islander,present
https://evm-rpc-vana.josephtran.xyz,1480,2,islander,present
https://mainnet.storyrpc.io,1514,0,story,present
https://rpc.ankr.com/story_mainnet,1514,0,story,present
https://evm.story.cumulo.me,1514,1,story,present
https://story-evm-rpc.krews.xyz,1514,1,story,present
https://evmrpc.story.nodestake.org,1514,1,story,present
https://story-evm-rpc.spidernode.net,1514,1,story,present
https://evm-rpc.story.mainnet.dteam.tech,1514,1,story,present
https://evm-rpc-archive.story.node75.org,1514,1,story,present
https://evm-rpc.story.silentvalidator.com,1514,1,story,present
https://story-mainnet-evmrpc.mandragora.io,1514,1,story,present
https://lightnode-json-rpc-mainnet-story.grandvalleys.com,1514,1,story,present
https://rpc.ankr.com/tenet_evm,1559,0,tenet,none
https://tenet-evm.publicnode.com,1559,1,tenet,none
https://rpc.ankr.com/gravity,1625,0,gravity,present
https://rpc.gravity.xyz,1625,1,gravity,present
https://rpc.reya.network,1729,0,reya,present
https://testnet-evm.lif3.com,1811,1,lif3-testnet,none
https://rpc.soneium.org,1868,1,soneium,present
https://soneium.drpc.org,1868,1,soneium,present
https://replicator.phoenix.lightlink.io/rpc/v1,1890,1,lightlink,present
https://replicator.pegasus.lightlink.io/rpc/v1,1891,1,lightlink-testnet,present
https://rpc.ankr.com/swell,1923,0,swell,present
https://swell-mainnet.alt.technology,1923,1,swell,present
https://swell-testnet.drpc.org,1924,0,swell-testnet,present
https://rpc.ankr.com/swell_sepolia,1924,0,swell-testnet,present
https://swell-testnet.alt.technology,1924,1,swell-testnet,present
https://soneium-minato.drpc.org,1946,0,minato-testnet,present
https://rpc.minato.soneium.org,1946,1,minato-testnet,present
https://rpc.minato.soneium.org/,1946,1,minato-testnet,present
https://sanko-arb-sepolia.rpc.caldera.xyz/http,1992,1,sanko-testnet,present
https://mainnet.sanko.xyz,1996,1,sanko,present
https://subnets.avax.network/shrapnel/testnet/rpc,2038,0,shrapnel-testnet,present
https://subnets.avax.network/shrapnel/mainnet/rpc,2044,0,shrapnel,present
https://stable-jsonrpc.testnet.chain0.dev,2201,1,stabledevnet-testnet,present
https://evm.testnet.kava.io,2221,0,kava-testnet,present
https://kava-testnet.drpc.org,2221,0,kava-testnet,present
https://evm.kava.io,2222,0,kava,present
https://evm2.kava.io,2222,0,kava,present
https://kava.drpc.org,2222,0,kava,present
https://evm.kava-rpc.com,2222,0,kava,present
https://rpc.ankr.com/kava_evm,2222,0,kava,present
https://kava-pokt.nodies.app,2222,1,kava,present
https://kava-public.nodies.app,2222,1,kava,present
https://kava-evm-rpc.publicnode.com,2222,1,kava,present
https://kava.api.onfinality.io/public,2222,1,kava,present
https://rpc.goat.network,2345,0,goat,present
https://rpc.ankr.com/goat_mainnet,2345,0,goat,present
https://goat-mainnet-alpha.drpc.org,2345,1,goat,present
https://rpc.silicon.network,2355,1,silicon,present
https://silicon-mainnet.nodeinfra.com,2355,1,silicon,present
https://spb.rpc.tac.build,2391,0,tacspb-testnet,present
https://rpc.ankr.com/tac_spb,2391,0,tacspb-testnet,present
https://rpc.cardona.zkevm-rpc.com,2442,1,zkpolygon-sepolia,present
https://rpc.testnet.frax.com,2522,1,fraxtal-testnet,present
https://fraxtal-holesky-rpc.publicnode.com,2522,1,fraxtal-testnet,present
https://mainnet.rpc.inevm.com/http,2525,1,bb1,present
https://rpc.ankr.com/bahamut_horizon,2552,0,bahamut-testnet,none
https://rpc1.ocean.bahamut.io,2552,1,bahamut-testnet,none
https://abstract.drpc.org,2741,0,abstract,present
https://api.mainnet.abs.xyz,2741,0,abstract,present
https://abstract.api.onfinality.io/public,2741,0,abstract,present
https://rpc-quicknode-holesky.morphl2.io,2810,0,morph-testnet,present
https://rpc-holesky.morphl2.io,2810,1,morph-testnet,present
https://rpc.morphl2.io,2818,0,morph,present
https://rpc-quicknode.morphl2.io,2818,0,morph,present
https://quicknode3.peaq.xyz,3338,1,peaq,present
https://quicknode1.peaq.xyz,3338,1,peaq,present
https://quicknode2.peaq.xyz,3338,1,peaq,present
https://node.botanixlabs.dev,3636,1,botanix-testnet,present
https://rpc.ankr.com/botanix_testnet,3636,1,botanix-testnet,present
https://rpc.ankr.com/botanix_mainnet,3637,0,botanix,present
https://rpc.botanixlabs.com,3637,1,botanix,present
https://test.doschain.com,3939,1,dos-testnet,present
https://fantom.api.onfinality.io/public,4002,1,fantom-testnet,present
https://fantom-testnet.drpc.org,4002,2,fantom-testnet,present
https://fantom-testnet.therpc.io,4002,2,fantom-testnet,present
https://rpc.testnet.fantom.network,4002,2,fantom-testnet,present
https://rpc.testnet.fantom.network/,4002,2,fantom-testnet,present
https://fantom-testnet-rpc.publicnode.com,4002,2,fantom-testnet,present
https://merlin.drpc.org,4200,0,merlin,present
https://rpc.merlinchain.io,4200,1,merlin,present
https://merlin.blockpi.network/v1/rpc/public,4200,1,merlin,present
https://rpc.sepolia-api.lisk.com,4202,0,lisk-testnet,present
https://subnets.avax.network/beam/mainnet/rpc,4337,0,beam,present
https://build.onbeam.com/rpc,4337,1,beam,present
https://testnet-rpc.orderly.org,4460,1,orderly-testnet,present
https://4801.rpc.thirdweb.com,4801,0,worldcoin-testnet,present
https://worldchain-sepolia.gateway.tenderly.co,4801,0,worldcoin-testnet,present
https://worldchain-sepolia.drpc.org,4801,1,worldcoin-testnet,present
https://worldchain-sepolia.g.alchemy.com/public,4801,1,worldcoin-testnet,present
https://1rpc.io/mantle,5000,0,mantle,present
https://rpc.mantle.xyz,5000,0,mantle,present
https://api.zan.top/mantle-mainnet,5000,0,mantle,present
https://mantle.api.onfinality.io/public,5000,0,mantle,present
https://mantle-public.nodies.app,5000,1,mantle,present
https://mantle-mainnet.public.blastapi.io,5000,1,mantle,present
https://mantle.drpc.org,5000,2,mantle,present
https://mantle-sepolia.drpc.org,5003,0,mantle-sepolia,present
https://rpc.sepolia.mantle.xyz,5003,1,mantle-sepolia,present
https://rpc.testnet.citrea.xyz,5115,1,citrea-testnet,present
https://opbnb-testnet.therpc.io,5611,1,opbnb-testnet,present
https://opbnb-testnet-rpc.bnbchain.org,5611,1,opbnb-testnet,present
https://opbnb-testnet-rpc.publicnode.com,5611,1,opbnb-testnet,present
https://opbnb-testnet.nodereal.io/v1/e9a36765eb8a40b9bd12e680a1fd2bc5,5611,1,opbnb-testnet,present
https://opbnb-testnet.nodereal.io/v1/64a9df0874fb4a93b9d0a3849de012d3,5611,1,opbnb-testnet,present
https://carrot.megaeth.com/rpc,6342,0,megaeth-testnet,present
https://evm-rpc.nibiru.fi,6900,0,animechain-testnet,present
https://rpc.cyber.co,7560,0,cyber,present
https://cyber.alt.technology,7560,1,cyber,present
https://porcini.rootnet.app/archive,7672,1,root-testnet,none
https://canto.gravitychain.io,7700,0,canto,error
https://canto-rpc.ansybl.io,7700,1,canto,none
https://main.doschain.com,7979,1,dos,present
https://1rpc.io/klay,8217,0,klaytn,present
https://rpc.ankr.com/kaia,8217,0,klaytn,present
https://kaia.therpc.io,8217,1,klaytn,present
https://klaytn.drpc.org,8217,1,klaytn,present
https://klaytn-pokt.nodies.app,8217,1,klaytn,present
https://kaia-public.nodies.app,8217,1,klaytn,present
https://public-en.node.kaia.io,8217,1,klaytn,present
https://klaytn.api.onfinality.io/public,8217,1,klaytn,present
https://kaia.blockpi.network/v1/rpc/public,8217,1,klaytn,present
https://kaia-mainnet.rpc.grove.city/v1/803ceedf,8217,1,klaytn,error
https://go.getblock.io/d7094dbd80ab474ba7042603fe912332,8217,1,klaytn,present
https://subnets.avax.network/space/mainnet/rpc,8227,0,space,none
https://1rpc.io/base,8453,1,base,present
https://0xrpc.io/base,8453,1,base,present
https://base.drpc.org,8453,1,base,present
https://base.lava.build,8453,1,base,present
https://mainnet.base.org,8453,1,base,present
https://base.meowrpc.com,8453,1,base,present
https://base.llamarpc.com,8453,1,base,error
https://base-pokt.nodies.app,8453,1,base,present
https://rpc.poolz.finance/base,8453,1,base,present
https://base-public.nodies.app,8453,1,base,present
https://base-rpc.publicnode.com,8453,1,base,present
https://base.gateway.tenderly.co,8453,1,base,present
https://api.zan.top/base-mainnet,8453,1,base,present
https://base.api.onfinality.io/public,8453,1,base,present
https://gateway.tenderly.co/public/base,8453,1,base,present
https://base-mainnet.public.blastapi.io,8453,1,base,present
https://base.rpc.subquery.network/public,8453,1,base,present
https://developer-access-mainnet.base.org,8453,1,base,present
https://base.public.blockpi.network/v1/rpc/public,8453,1,base,present
https://rpc.ankr.com/iota_evm,8822,0,iota,present
https://json-rpc.evm.iotaledger.net,8822,1,iota,present
https://evmos-testnet.drpc.org,9000,1,ondo-testnet,present
https://alphab.ai/rpc/eth/evmos_testnet,9000,1,ondo-testnet,present
https://evmos-testnet-evm-rpc.publicnode.com,9000,1,ondo-testnet,present
https://rpc.nexus.mainnet.apexfusion.org,9069,1,apexfusionnexus,present
https://rpc.nexus.testnet.apexfusion.org,9070,1,apexfusionnexus-testnet,present
https://testnet-rpc.plasma.to,9746,0,plasma2-testnet,present
https://rpc-3.testnet.japanopenchain.org,10081,1,joc-testnet,none
https://rpc-2.testnet.japanopenchain.org:8545,10081,1,joc-testnet,none
https://rpc-1.testnet.japanopenchain.org:8545,10081,1,joc-testnet,none
https://testnet-rpc.monad.xyz,10143,0,monad-testnet,present
https://monad-testnet.drpc.org,10143,0,monad-testnet,present
https://rpc.ankr.com/monad_testnet,10143,0,monad-testnet,present
https://rpc.chiadochain.net,10200,0,chiado,present
https://gnosis-chiado.drpc.org,10200,1,chiado,present
https://rpc.chiado.gnosis.gateway.fm,10200,1,chiado,present
https://gnosis-chiado.publicnode.com,10200,1,chiado,present
https://gnosis-chiado-rpc.publicnode.com,10200,1,chiado,present
https://api.testnet.abs.xyz,11124,0,abstract-testnet,present
https://abstract-sepolia.drpc.org,11124,0,abstract-testnet,present
https://rpc-mainnet-1.bevm.io/,11501,1,bevm,present
https://rpc-mainnet-2.bevm.io/,11501,1,bevm,present
https://rpc-mainnet-1.geb.network,11501,1,bevm,present
https://rpc-mainnet-2.geb.network,11501,1,bevm,present
https://build.onbeam.com/rpc/testnet,13337,0,beam-testnet,present
https://subnets.avax.network/beam/testnet/rpc,13337,0,beam-testnet,present
https://rpc.moksha.vana.org,14800,0,moksha-testnet,present
https://1rpc.io/holesky,17000,0,holesky-testnet,present
https://holesky.drpc.org,17000,0,holesky-testnet,present
https://api.zan.top/eth-holesky,17000,0,holesky-testnet,error
https://holesky.gateway.tenderly.co,17000,0,holesky-testnet,present
https://rpc-holesky.rockx.com,17000,1,holesky-testnet,present
https://ethereum-holesky.publicnode.com,17000,1,holesky-testnet,present
https://ethereum-holesky-rpc.publicnode.com,17000,1,holesky-testnet,present
https://rpc.mainnet.oasys.homeverse.games,19011,1,homeverse,present
https://apechain-curtis.drpc.org,33111,0,curtis-testnet,present
https://rpc.curtis.apechain.com,33111,1,curtis-testnet,present
https://curtis.rpc.caldera.xyz/http,33111,1,curtis-testnet,present
https://apechain.drpc.org,33139,0,ape,present
https://rpc.apechain.com,33139,1,ape,present
https://1rpc.io/mode,34443,0,mode,present
https://mode.drpc.org,34443,1,mode,present
https://mainnet.mode.network,34443,1,mode,present
https://mode.gateway.tenderly.co,34443,1,mode,present
https://lens-testnet.drpc.org,37111,0,lens-testnet,present
https://rpc.testnet.lens.dev,37111,1,lens-testnet,present
https://rpc.testnet.oasys.homeverse.games,40875,1,homeverse-testnet,present
https://rpc.edu-chain.raas.gelato.cloud,41923,0,edu,present
https://arb1.lava.build,42161,1,arbitrum,present
https://arbitrum.drpc.org,42161,1,arbitrum,present
https://arb-pokt.nodies.app,42161,1,arbitrum,present
https://api.zan.top/arb-one,42161,1,arbitrum,present
https://arbitrum.meowrpc.com,42161,1,arbitrum,present
https://arb1.arbitrum.io/rpc,42161,1,arbitrum,present
https://rpc.poolz.finance/arbitrum,42161,1,arbitrum,present
https://arbitrum.gateway.tenderly.co,42161,1,arbitrum,present
https://arbitrum-one-public.nodies.app,42161,1,arbitrum,present
https://arbitrum-one-rpc.publicnode.com,42161,1,arbitrum,present
https://arbitrum-one.public.blastapi.io,42161,1,arbitrum,present
https://arbitrum.api.onfinality.io/public,42161,1,arbitrum,present
https://arbitrum.rpc.subquery.network/public,42161,1,arbitrum,present
https://arbitrum.public.blockpi.network/v1/rpc/public,42161,1,arbitrum,present
https://arb-mainnet.g.alchemy.com/v2/KhVdIItVH0ttiQvBYYO5NPL-De-gLWoW,42161,1,arbitrum,present
https://arb-mainnet.g.alchemy.com/v2/N71NRfHZGk2jbnDkW-GiM6fTe6ysJOmp,42161,1,arbitrum,present
https://1rpc.io/arb,42161,2,arbitrum,present
https://arbitrum-nova.gateway.tenderly.co,42170,0,nova,present
https://docs-demo.nova-mainnet.quiknode.pro,42170,0,nova,present
https://nova.arbitrum.io/rpc,42170,1,nova,present
https://arbitrum-nova.drpc.org,42170,1,nova,present
https://arbitrum-nova-rpc.publicnode.com,42170,1,nova,present
https://arbitrum-nova.public.blastapi.io,42170,1,nova,present
https://celo.drpc.org,42220,0,celo,present
https://forno.celo.org,42220,0,celo,present
https://rpc.ankr.com/celo,42220,0,celo,present
https://celo-json-rpc.stakely.io,42220,1,celo,present
https://node.mainnet.etherlink.com,42793,1,etherlink,present
https://rpc.ankr.com/etherlink_mainnet,42793,1,etherlink,present
https://hemi.drpc.org,43111,0,hemi,present
https://rpc.hemi.network/rpc,43111,0,hemi,present
https://avalanche-fuji.drpc.org,43113,1,fuji,present
https://avalanche-fuji.therpc.io,43113,1,fuji,present
https://api.avax-test.network/ext/bc/C/rpc,43113,1,fuji,present
https://api.zan.top/avax-fuji/ext/bc/C/rpc,43113,1,fuji,present
https://avalanche-fuji-c-chain-rpc.publicnode.com,43113,1,fuji,present
https://ava-testnet.public.blastapi.io/ext/bc/C/rpc,43113,1,fuji,present
https://0xrpc.io/avax,43114,1,avalanche,present
https://1rpc.io/avax/c,43114,1,avalanche,present
https://avalanche.drpc.org,43114,1,avalanche,present
https://rpc.poolz.finance/avalanche,43114,1,avalanche,present
https://api.avax.network/ext/bc/C/rpc,43114,1,avalanche,present
https://avax-pokt.nodies.app/ext/bc/C/rpc,43114,1,avalanche,present
https://avalanche-c-chain-rpc.publicnode.com,43114,1,avalanche,present
https://avalanche-mainnet.gateway.tenderly.co,43114,1,avalanche,present
https://api.zan.top/avax-mainnet/ext/bc/C/rpc,43114,1,avalanche,present
https://avalanche-public.nodies.app/ext/bc/C/rpc,43114,1,avalanche,present
https://ava-mainnet.public.blastapi.io/ext/bc/C/rpc,43114,1,avalanche,present
https://avalanche.api.onfinality.io/public/ext/bc/C/rpc,43114,1,avalanche,present
https://spectrum-01.simplystaking.xyz/avalanche-mn-rpc/ext/bc/C/rpc,43114,1,avalanche,present
https://rpc.gunzchain.io/ext/bc/2M47TxWHGnhNtq6pM5zPXdATBtuqubxn5EPFgFmEawCQr9WFML/rpc,43419,1,gunz,present
https://rpc.formicarium.memecore.net,43521,1,memecoreformicarium-testnet,none
https://celo-alfajores.drpc.org,44787,0,alfajores,present
https://alfajores-forno.celo-testnet.org,44787,0,alfajores,present
https://subnets.avax.network/space/testnet/rpc,48795,0,otherworld-testnet,none
https://mainnet.aurora.dev,48900,1,zircuit,present
https://mainnet.zircuit.com,48900,2,zircuit,present
https://zircuit-mainnet.drpc.org,48900,2,zircuit,present
https://zircuit1-mainnet.p2pify.com,48900,2,zircuit,present
https://zircuit1-mainnet.liquify.com,48900,2,zircuit,present
https://rpc.gunz.dev/ext/bc/ryk9vkvNuKtewME2PeCgybo9sdWXGmCkBrrx4VPuZPdVdAak8/rpc,49321,1,gunzilla-testnet,none
https://rpc.sophon.xyz,50104,0,sophon,present
https://rpc-quicknode.sophon.xyz,50104,0,sophon,present
https://dream-rpc.somnia.network,50312,0,somniashannon-testnet,present
https://rpc.ankr.com/somnia_testnet/6e3fd81558cf77b928b06b38e9409b4677b637118114e83364486294d5ff4811,50312,0,somniashannon-testnet,error
https://subnets.avax.network/defi-kingdoms/dfk-chain/rpc,53935,0,dfk,present
https://rpc.superposition.so,55244,1,superposition,present
https://sonic-testnet.drpc.org,57054,0,sonic-testnet,present
https://sonic-blaze.therpc.io,57054,1,sonic-testnet,present
https://rpc.blaze.soniclabs.com,57054,1,sonic-testnet,present
https://sonic-blaze-rpc.publicnode.com,57054,1,sonic-testnet,present
https://ink.drpc.org,57073,0,ink,present
https://rpc-qnd.inkonchain.com,57073,0,ink,present
https://rpc-gel.inkonchain.com,57073,0,ink,present
https://ink-public.nodies.app,57073,1,ink,present
https://linea-sepolia.drpc.org,59141,0,lineasep-testnet,present
https://rpc.sepolia.linea.build,59141,1,lineasep-testnet,present
https://linea-sepolia.therpc.io,59141,1,lineasep-testnet,present
https://linea-sepolia-rpc.publicnode.com,59141,1,lineasep-testnet,present
https://1rpc.io/linea,59144,0,linea,present
https://rpc.linea.build,59144,0,linea,present
https://linea.drpc.org,59144,1,linea,present
https://linea.therpc.io,59144,1,linea,present
https://linea-rpc.publicnode.com,59144,1,linea,present
https://sepolia.metisdevops.link,59902,1,metissep-testnet,present
https://metis-sepolia-rpc.publicnode.com,59902,1,metissep-testnet,present
https://metis-sepolia.gateway.tenderly.co,59902,1,metissep-testnet,present
https://bob.drpc.org,60808,1,bob,present
https://rpc.gobob.xyz,60808,1,bob,present
https://bob.gateway.tenderly.co,60808,1,bob,present
https://bob-mainnet.public.blastapi.io,60808,1,bob,present
https://bob-mainnet.blastapi.io/278bd36b-e02e-4391-a2b6-54e68e6695fd,60808,1,bob,present
https://xchain-testnet-rpc.idex.io,64002,1,xchain-testnet,present
https://xchain-testnet-rpc.kuma.bid,64002,1,xchain-testnet,present
https://polygon-amoy.drpc.org,80002,1,amoy-testnet,present
https://api.zan.top/polygon-amoy,80002,1,amoy-testnet,present
https://rpc-amoy.polygon.technology,80002,1,amoy-testnet,present
https://polygon-amoy-public.nodies.app,80002,1,amoy-testnet,present
https://polygon-amoy.gateway.tenderly.co,80002,1,amoy-testnet,present
https://polygon-amoy-bor-rpc.publicnode.com,80002,1,amoy-testnet,present
https://polygon-amoy.api.onfinality.io/public,80002,1,amoy-testnet,present
https://bepolia.rpc.berachain.com,80069,0,bepolia-testnet,present
https://berachain-bepolia.therpc.io,80069,1,bepolia-testnet,present
https://rpc.berachain.com,80094,0,bera,present
https://berachain.drpc.org,80094,0,bera,present
https://rpc.berachain-apis.com,80094,1,bera,present
https://rpc.blast.io,81457,1,blast,present
https://blast.drpc.org,81457,1,blast,present
https://blast.din.dev/rpc,81457,1,blast,present
https://rpc.ankr.com/blast,81457,1,blast,present
https://blast-public.nodies.app,81457,1,blast,present
https://blast-rpc.publicnode.com,81457,1,blast,present
https://blast.gateway.tenderly.co,81457,1,blast,present
https://blastl2-mainnet.public.blastapi.io,81457,1,blast,present
https://sepolia.base.org,84532,1,base-sepolia,present
https://base-sepolia.drpc.org,84532,1,base-sepolia,present
https://base-sepolia-public.nodies.app,84532,1,base-sepolia,present
https://base-sepolia-rpc.publicnode.com,84532,1,base-sepolia,present
https://base-sepolia.gateway.tenderly.co,84532,1,base-sepolia,present
https://base-sepolia.api.onfinality.io/public,84532,1,base-sepolia,present
https://xchain-rpc.idex.io,94524,1,xchain,present
https://xchain-rpc.kuma.bid,94524,1,xchain,present
https://rpc-plume-mainnet-0.t.conduit.xyz,98865,1,plume,present
https://rpc.plume.org,98866,1,plumephoenix,present
https://testnet-rpc.superposition.so,98985,1,superposition-testnet,present
https://node.ghostnet.etherlink.com,128123,1,etherlink-testnet,present
https://rpc.ankr.com/etherlink_testnet,128123,1,etherlink-testnet,present
https://rpc.tatara.katanarpc.com,129399,1,katana-testnet,present
https://rpctn.openledger.xyz,161201,1,openledger-testnet,present
https://rpc.taiko.xyz,167000,0,taiko,present
https://taiko.drpc.org,167000,0,taiko,present
https://rpc.ankr.com/taiko,167000,0,taiko,present
https://rpc.mainnet.taiko.xyz,167000,0,taiko,present
https://taiko.therpc.io,167000,1,taiko,present
https://taiko-rpc.publicnode.com,167000,1,taiko,present
https://taiko-json-rpc.stakely.io,167000,1,taiko,present
https://taiko-mainnet.gateway.tenderly.co,167000,1,taiko,present
https://rpc.hekla.taiko.xyz,167009,0,taiko-testnet,present
https://rpc.ankr.com/taiko_hekla,167009,0,taiko-testnet,present
https://taiko-hekla.drpc.org,167009,1,taiko-testnet,present
https://taiko-hekla.therpc.io,167009,1,taiko-testnet,present
https://taiko-hekla-rpc.publicnode.com,167009,1,taiko-testnet,present
https://taiko-hekla.gateway.tenderly.co,167009,1,taiko-testnet,present
https://rpc.ankr.com/bitlayer_testnet,200810,0,bitlayer-testnet,present
https://testnet-rpc.bitlayer.org,200810,1,bitlayer-testnet,present
https://testnet-rpc.bitlayer-rpc.com,200810,1,bitlayer-testnet,present
https://rpc.bitlayer.org,200901,0,bitlayer,present
https://rpc.bitlayer-rpc.com,200901,0,bitlayer,present
https://rpc.ankr.com/bitlayer,200901,0,bitlayer,present
https://rpc-bitlayer.rockx.com,200901,1,bitlayer,present
https://rpc-campnetwork.xyz,325000,1,camp-testnet,present
https://api.zan.top/arb-sepolia,421614,1,arbitrum-sepolia,present
https://arbitrum-sepolia.drpc.org,421614,1,arbitrum-sepolia,present
https://sepolia-rollup.arbitrum.io/rpc,421614,1,arbitrum-sepolia,present
https://arbitrum-sepolia-rpc.publicnode.com,421614,1,arbitrum-sepolia,present
https://arbitrum-sepolia.gateway.tenderly.co,421614,1,arbitrum-sepolia,present
https://arbitrum-sepolia.api.onfinality.io/public,421614,1,arbitrum-sepolia,present
https://subnets.avax.network/dexalot/testnet/rpc,432201,0,dexalot-testnet,none
https://subnets.avax.network/dexalot/mainnet/rpc,432204,0,dexalot,none
https://sepolia-rpc.scroll.io,534351,1,scroll-testnet,present
https://scroll-sepolia.drpc.org,534351,1,scroll-testnet,present
https://scroll-sepolia-public.nodies.app,534351,1,scroll-testnet,present
https://scroll-sepolia-rpc.publicnode.com,534351,1,scroll-testnet,present
https://1rpc.io/scroll,534352,0,scroll,present
https://scroll.drpc.org,534352,0,scroll,present
https://rpc.scroll.io,534352,1,scroll,present
https://scroll-public.nodies.app,534352,1,scroll,present
https://scroll-rpc.publicnode.com,534352,1,scroll,present
https://scroll.api.onfinality.io/public,534352,1,scroll,present
https://scroll-mainnet.public.blastapi.io,534352,1,scroll,present
https://open-campus-codex-sepolia.drpc.org,656476,0,opencampus-testnet,present
https://rpc.open-campus-codex.gelato.digital,656476,0,opencampus-testnet,present
https://rpc.etherealtest.net,657468,1,ethereal-testnet,none
https://rpc.ankr.com/xai,660279,0,xai,present
https://xai-chain.net/rpc,660279,1,xai,present
https://testnet-rpc.merlinchain.io,686868,1,merlin-testnet,present
https://subnets.avax.network/tiltyard/mainnet/rpc,710420,0,tiltyard,none
https://sei-devnet.drpc.org,713715,0,sei-testnet,present
https://evm-rpc-arctic-1.sei-apis.com,713715,1,sei-testnet,present
https://evm-rpc.arctic-1.seinetwork.io,713715,1,sei-testnet,present
https://hemi-testnet.drpc.org,743111,0,hemi-testnet,present
https://testnet.rpc.hemi.network/rpc,743111,1,hemi-testnet,present
https://rpc.katana.network,747474,0,katana,present
https://ink-sepolia.drpc.org,763373,1,ink-testnet,present
https://rpc-gel-sepolia.inkonchain.com,763373,1,ink-testnet,present
https://rpc.zklink.io,810180,0,zklink,none
https://sepolia.rpc.zklink.io,810181,1,zklink-testnet,none
https://manta-sepolia.rpc.caldera.xyz/http,3441006,1,mantasep-testnet,present
https://pacific-rpc.sepolia-testnet.manta.network/http,3441006,1,mantasep-testnet,present
https://rpc.lootchain.com/http,5151706,1,loot,none
https://humanity-mainnet.g.alchemy.com/public,6985385,0,humanity,present
https://humanity-testnet.g.alchemy.com/public,7080969,0,humanity-testnet,present
https://zora.drpc.org,7777777,0,zora,present
https://rpc.zora.energy,7777777,1,zora,present
https://rpc.zora.energy/,7777777,1,zora,present
https://rpc-sepolia.rockx.com,11155111,1,sepolia,present
https://0xrpc.io/sep,11155111,2,sepolia,present
https://1rpc.io/sepolia,11155111,2,sepolia,present
https://sepolia.drpc.org,11155111,2,sepolia,present
https://api.zan.top/eth-sepolia,11155111,2,sepolia,error
https://op-sepolia-pokt.nodies.app,11155111,2,sepolia,present
https://rpc.sepolia.ethpandaops.io,11155111,2,sepolia,present
https://sepolia.gateway.tenderly.co,11155111,2,sepolia,present
https://eth-sepolia.public.blastapi.io,11155111,2,sepolia,present
https://gateway.tenderly.co/public/sepolia,11155111,2,sepolia,present
https://ethereum-sepolia-rpc.publicnode.com,11155111,2,sepolia,present
https://eth-sepolia.api.onfinality.io/public,11155111,2,sepolia,present
https://ethereum-sepolia.rpc.subquery.network/public,11155111,2,sepolia,present
https://sepolia.optimism.io,11155420,0,optimism-sepolia,present
https://optimism-sepolia.drpc.org,11155420,0,optimism-sepolia,present
https://api.zan.top/opt-sepolia,11155420,1,optimism-sepolia,present
https://optimism-sepolia-public.nodies.app,11155420,1,optimism-sepolia,present
https://optimism-sepolia.gateway.tenderly.co,11155420,1,optimism-sepolia,present
https://optimism-sepolia.api.onfinality.io/public,11155420,1,optimism-sepolia,present
https://mainnet.corn-rpc.com,21000000,0,mp1,present
https://rpc.ankr.com/corn_maizenet,21000000,0,mp1,present
https://maizenet-rpc.usecorn.com,21000000,1,mp1,present
https://testnet.corn-rpc.com,21000001,0,mp1-testnet,present
https://rpc.ankr.com/corn_testnet,21000001,0,mp1-testnet,present
https://testnet-rpc.usecorn.com,21000001,1,mp1-testnet,present
https://rpc.reya-cronos.gelato.digital,89346162,0,reya-testnet,present
https://rpc.testnet.cyber.co,111557560,0,cyber-testnet,present
https://cyber-testnet.alt.technology,111557560,1,cyber-testnet,present
https://sepolia.blast.io,168587773,1,blast-testnet,present
https://blast-testnet-public.nodies.app,168587773,1,blast-testnet,present
https://rpc.ankr.com/blast_testnet_sepolia,168587773,1,blast-testnet,present
https://rpc.testnet.sophon.xyz,531050104,0,sophon-testnet,present
https://rpc-quicknode.testnet.sophon.xyz,531050104,0,sophon-testnet,present
https://rpc.degen.tips,666666666,0,degen,present
https://sepolia.rpc.zora.energy,999999999,1,zora-sepolia,present
https://1rpc.io/aurora,1313161554,1,aurora,present
https://aurora.drpc.org,1313161554,1,aurora,present
https://mainnet.aurora.dev,1313161554,1,aurora,present
https://testnet.aurora.dev,1313161555,1,aurora-testnet,present
https://testnet.aurora.dev/,1313161555,1,aurora-testnet,present
https://aurora-testnet.drpc.org,1313161555,1,aurora-testnet,present
https://mainnet.rpc.rarichain.org/http,1380012617,1,rarible,present
https://testnet.skalenodes.com/v1/juicy-low-small-testnet,1444673419,0,skale-testnet,present
https://1rpc.io/one,1666600000,0,harmony,none
https://api.harmony.one,1666600000,0,harmony,none
https://api.s0.t.hmny.io,1666600000,0,harmony,none
https://harmony-0.drpc.org,1666600000,0,harmony,none
https://a.api.s0.t.hmny.io,1666600000,1,harmony,none
https://api.s0.ps.hmny.io,1666900000,0,harmony-testnet,none
https://testnet.rpc.rarichain.org/http,1918988905,1,rarible-testnet,present
https://mainnet.skalenodes.com/v1/elated-tan-skat,2046399126,1,skale,none
https://testnet-v2.xai-chain.net/rpc,37714555429,1,xai-testnet,present
