https://go.getblock.io/aefd01aa907c4805ba3c00a9e5b48c6b,1,0,ethereum
https://api.zan.top/eth-mainnet,1,1,ethereum
https://rpc.mevblocker.io/noreverts,1,2,ethereum
https://rpc.flashbots.net/fast,1,3,ethereum
https://1rpc.io/eth,1,4,ethereum
https://gateway.tenderly.co/public/mainnet,1,5,ethereum
https://eth-mainnet.alchemyapi.io/v2/VsPzIezK0AtqsnrWAuV0Gew-MS7H_E5E,1,6,ethereum
https://eth-mainnet.alchemyapi.io/v2/84tGz8xVIWFkagsaSzNjObh7aSPbxeXD,1,7,ethereum
https://mainnet.gateway.tenderly.co,1,8,ethereum
https://eth.drpc.org,1,9,ethereum
https://virginia.rpc.blxrbdn.com,1,10,ethereum
https://eth.rpc.blxrbdn.com,1,11,ethereum
https://eth-mainnet.nodereal.io/v1/1659dfb40aa24bbb8153a677b98064d7,1,12,ethereum
https://eth1.lava.build,1,13,ethereum
https://eth.api.onfinality.io/public,1,14,ethereum
https://uk.rpc.blxrbdn.com,1,15,ethereum
https://singapore.rpc.blxrbdn.com,1,16,ethereum
https://rpc.poolz.finance/eth,1,17,ethereum
https://rpc.mevblocker.io,1,18,ethereum
https://rpc.eth.gateway.fm,1,19,ethereum
https://ethereum-rpc.publicnode.com,1,20,ethereum
https://ethereum.rpc.subquery.network/public,1,21,ethereum
https://ethereum.therpc.io,1,22,ethereum
https://ethereum.publicnode.com,1,23,ethereum
https://eth-pokt.nodies.app,1,24,ethereum
https://0xrpc.io/eth,1,25,ethereum
https://eth-mainnet.rpcfast.com?api_key=xbhWBI1Wkguk8SNMu1bvvLurPGLXmgwYeC4S6g2H7WdwFigZSmPWVZRxrskEQwIf,1,26,ethereum
https://ethereum.public.blockpi.network/v1/rpc/public,1,27,ethereum
https://eth-mainnet.public.blastapi.io,1,28,ethereum
https://rpc.payload.de,1,29,ethereum
https://ethereum-public.nodies.app,1,30,ethereum
https://rpc.mevblocker.io/fullprivacy,1,31,ethereum
https://rpc.mevblocker.io/fast,1,32,ethereum
https://eth.meowrpc.com,1,33,ethereum
https://rpc.flashbots.net,1,34,ethereum
https://eth.merkle.io,1,35,ethereum
https://eth.llamarpc.com,1,36,ethereum
https://rpc.notadegen.com/eth,1,37,ethereum
https://eth.blockrazor.xyz,1,38,ethereum
https://openapi.bitstack.com/v1/wNFxbiJyQsSeLrX8RRCHi7NpRxrlErZk/DjShIqLishPCTB9HiMkPHXjUM9CNM9Na/ETH/mainnet,1,39,ethereum
https://core.gashawk.io/rpc,1,40,ethereum
https://eth.nodeconnect.org,1,41,ethereum
https://1rpc.io/op,10,0,optimism
https://opt-mainnet.g.alchemy.com/v2/7urLa-8k2RR_UYc0exh-b0qg4xySL5KA,10,1,optimism
https://gateway.tenderly.co/public/optimism,10,2,optimism
https://optimism.gateway.tenderly.co,10,3,optimism
https://opt-mainnet.g.alchemy.com/v2/3glkhRJRgzHCB2NbDwiQa7G_FTdqn3-T,10,4,optimism
https://mainnet.optimism.io,10,5,optimism
https://optimism.drpc.org,10,6,optimism
https://optimism-mainnet.public.blastapi.io,10,7,optimism
https://optimism-rpc.publicnode.com,10,8,optimism
https://optimism-public.nodies.app,10,9,optimism
https://optimism.public.blockpi.network/v1/rpc/public,10,10,optimism
https://go.getblock.io/e8a75f8dcf614861becfbcb185be6eb4,10,11,optimism
https://0xrpc.io/op,10,12,optimism
https://op-pokt.nodies.app,10,13,optimism
https://api.zan.top/opt-mainnet,10,14,optimism
https://optimism.therpc.io,10,15,optimism
https://optimism.rpc.subquery.network/public,10,16,optimism
https://optimism.api.onfinality.io/public,10,17,optimism
https://rpc.ankr.com/flare,14,0,flare
https://flare.rpc.thirdweb.com,14,1,flare
https://flare-api.flare.network/ext/C/rpc,14,2,flare
https://flare.solidifi.app/ext/C/rpc,14,3,flare
https://rpc.au.cc/flare,14,4,flare
https://evm.cronos.org,25,0,cronosevm
https://cronos.drpc.org,25,1,cronosevm
https://cronos-evm-rpc.publicnode.com,25,2,cronosevm
https://evm-dev.cronos.org,25,3,cronosevm
https://1rpc.io/cro,25,4,cronosevm
https://rpc.vvs.finance,25,5,cronosevm
https://mycrypto.rsk.co,30,0,rootstock
https://public-node.rsk.co,30,1,rootstock
https://rootstock.drpc.org,30,2,rootstock
https://rootstock-mainnet.public.blastapi.io,30,3,rootstock
https://public-node.testnet.rsk.co,31,0,rootstock-testnet
https://mycrypto.testnet.rsk.co,31,1,rootstock-testnet
https://rootstock-testnet.drpc.org,31,2,rootstock-testnet
https://dimension-evm-rpc.xpla.dev,37,0,xpla
https://rpc.poolz.finance/telos,40,0,telos
https://rpc.ankr.com/telos,40,1,telos
https://telos.drpc.org,40,2,telos
https://rpc.telos.net,40,3,telos
https://rpc.testnet.telos.net,41,0,telos-testnet
https://cube-evm-rpc.xpla.dev,47,0,xpla-testnet
https://aic.acria.ai,47,1,xpla-testnet
https://rpc.ankr.com/xdc,50,0,xdc
https://rpc.xdc.org,50,1,xdc
https://rpc.xdc.network,50,2,xdc
https://erpc.xdcrpc.com,50,3,xdc
https://rpc.xdcrpc.com,50,4,xdc
https://1rpc.io/bnb,56,0,bsc
https://rpc.poolz.finance/bsc,56,1,bsc
https://api.zan.top/bsc-mainnet,56,2,bsc
https://bsc.drpc.org,56,3,bsc
https://bsc-dataseed.bnbchain.org,56,4,bsc
https://bsc-dataseed4.bnbchain.org,56,5,bsc
https://bsc-dataseed4.defibit.io,56,6,bsc
https://binance.nodereal.io,56,7,bsc
https://bsc-dataseed1.bnbchain.org,56,8,bsc
https://bsc-dataseed2.bnbchain.org,56,9,bsc
https://bsc-dataseed3.bnbchain.org,56,10,bsc
https://bsc-dataseed1.defibit.io,56,11,bsc
https://bsc-dataseed1.ninicoin.io,56,12,bsc
https://bsc-dataseed3.defibit.io,56,13,bsc
https://bsc-dataseed2.ninicoin.io,56,14,bsc
https://bsc-dataseed4.ninicoin.io,56,15,bsc
https://bsc-dataseed2.defibit.io,56,16,bsc
https://bsc-dataseed3.ninicoin.io,56,17,bsc
https://bsc.rpc.blxrbdn.com,56,18,bsc
https://bsc-mainnet.nodereal.io/v1/64a9df0874fb4a93b9d0a3849de012d3,56,19,bsc
https://rpc-bsc.48.club,56,20,bsc
https://0.48.club,56,21,bsc
https://binance-smart-chain-public.nodies.app,56,22,bsc
https://bsc-rpc.publicnode.com,56,23,bsc
https://bsc-mainnet.public.blastapi.io,56,24,bsc
https://bsc-mainnet.rpcfast.com?api_key=xbhWBI1Wkguk8SNMu1bvvLurPGLXmgwYeC4S6g2H7WdwFigZSmPWVZRxrskEQwIf,56,25,bsc
https://bsc.meowrpc.com,56,26,bsc
https://bsc.blockrazor.xyz,56,27,bsc
https://binance.llamarpc.com,56,28,bsc
https://bsc.nownodes.io,56,29,bsc
https://bsc.therpc.io,56,30,bsc
https://bnb.api.onfinality.io/public,56,31,bsc
https://go.getblock.io/cc778cdbdf5c4b028ec9456e0e6c0cf3,56,32,bsc
https://bnb.rpc.subquery.network/public,56,33,bsc
https://1rpc.io/oktc,66,0,okx
https://oktc.drpc.org,66,1,okx
https://okt-chain.api.onfinality.io/public,66,2,okx
https://exchainrpc.okex.org,66,3,okx
https://oktc-mainnet.public.blastapi.io,66,4,okx
https://evmtestnet.confluxrpc.com,71,0,conflux-testnet
https://rpc-1.japanopenchain.org:8545,81,0,joc
https://rpc-2.japanopenchain.org:8545,81,1,joc
https://rpc-3.japanopenchain.org,81,2,joc
https://meter.blockpi.network/v1/rpc/public,82,0,meter
https://rpc.meter.io,82,1,meter
https://rpctest.meter.io,83,0,meter-testnet
https://viction.drpc.org,88,0,tomo
https://viction.blockpi.network/v1/rpc/public,88,1,tomo
https://rpc.viction.xyz,88,2,tomo
https://api.zan.top/bsc-testnet,97,0,bsc-testnet
https://bsc-testnet.drpc.org,97,1,bsc-testnet
https://data-seed-prebsc-1-s1.bnbchain.org:8545,97,2,bsc-testnet
https://data-seed-prebsc-2-s1.bnbchain.org:8545,97,3,bsc-testnet
https://data-seed-prebsc-1-s2.bnbchain.org:8545,97,4,bsc-testnet
https://data-seed-prebsc-2-s2.bnbchain.org:8545,97,5,bsc-testnet
https://data-seed-prebsc-1-s1.binance.org:8545,97,6,bsc-testnet
https://data-seed-prebsc-1-s3.binance.org:8545,97,7,bsc-testnet
https://data-seed-prebsc-2-s3.bnbchain.org:8545,97,8,bsc-testnet
https://data-seed-prebsc-1-s3.bnbchain.org:8545,97,9,bsc-testnet
https://data-seed-prebsc-1-s2.binance.org:8545,97,10,bsc-testnet
https://bsc-testnet-rpc.publicnode.com,97,11,bsc-testnet
https://bsc-testnet.public.blastapi.io,97,12,bsc-testnet
https://data-seed-prebsc-2-s2.binance.org:8545,97,13,bsc-testnet
https://data-seed-prebsc-2-s1.binance.org:8545,97,14,bsc-testnet
https://bnb-testnet.api.onfinality.io/public,97,15,bsc-testnet
https://1rpc.io/gnosis,100,0,gnosis
https://0xrpc.io/gno,100,1,gnosis
https://gnosis.drpc.org,100,2,gnosis
https://rpc.gnosis.gateway.fm,100,3,gnosis
https://rpc.gnosischain.com,100,4,gnosis
https://gnosis-rpc.publicnode.com,100,5,gnosis
https://gnosis-public.nodies.app,100,6,gnosis
https://gnosis-mainnet.public.blastapi.io,100,7,gnosis
https://gnosis-pokt.nodies.app,100,8,gnosis
https://rpc.ap-southeast-1.gateway.fm/v4/gnosis/non-archival/mainnet,100,9,gnosis
https://gnosis.oat.farm,100,10,gnosis
https://flare-testnet-coston2.rpc.thirdweb.com,114,0,flare-testnet
https://coston2-api.flare.network/ext/C/rpc,114,1,flare-testnet
https://coston2.enosys.global/ext/C/rpc,114,2,flare-testnet
https://fuse.drpc.org,122,0,fuse
https://rpc.fuse.io,122,1,fuse
https://fuse.liquify.com,122,2,fuse
https://fuse-public.nodies.app,122,3,fuse
https://fuse-pokt.nodies.app,122,4,fuse
https://rpc.fusespark.io,123,0,fusespark
https://mainnet.unichain.org,130,0,unichain
https://unichain.drpc.org,130,1,unichain
https://rpc.poolz.finance/unichain,130,2,unichain
https://0xrpc.io/uni,130,3,unichain
https://unichain-rpc.publicnode.com,130,4,unichain
https://unichain.therpc.io,130,5,unichain
https://unichain.api.onfinality.io/public,130,6,unichain
https://1rpc.io/matic,137,0,polygon
https://rpc.poolz.finance/polygon,137,1,polygon
https://gateway.tenderly.co/public/polygon,137,2,polygon
https://go.getblock.io/02667b699f05444ab2c64f9bff28f027,137,3,polygon
https://polygon-rpc.com,137,4,polygon
https://rpc-mainnet.matic.quiknode.pro,137,5,polygon
https://polygon.drpc.org,137,6,polygon
https://polygon.gateway.tenderly.co,137,7,polygon
https://polygon.lava.build,137,8,polygon
https://polygon-mainnet.g.alchemy.com/v2/q3f-QpPeM_g7rL3G21Cr9tFeuYAquyYl,137,9,polygon
https://api.zan.top/polygon-mainnet,137,10,polygon
https://polygon.rpc.subquery.network/public,137,11,polygon
https://polygon-mainnet.public.blastapi.io,137,12,polygon
https://polygon-public.nodies.app,137,13,polygon
https://polygon-bor-rpc.publicnode.com,137,14,polygon
https://polygon-mainnet.g.alchemy.com/v2/me6Q04fTd2kTT74BUYAp82d_3KL-ObCw,137,15,polygon
https://polygon.therpc.io,137,16,polygon
https://polygon-pokt.nodies.app,137,17,polygon
https://polygon.api.onfinality.io/public,137,18,polygon
https://rpc.soniclabs.com,146,0,sonic
https://sonic.drpc.org,146,1,sonic
https://sonic-rpc.publicnode.com,146,2,sonic
https://sonic-json-rpc.stakely.io,146,3,sonic
https://sonic.therpc.io,146,4,sonic
https://sonic.api.onfinality.io/public,146,5,sonic
https://json-rpc.evm.shimmer.network,148,0,shimmer
https://1rpc.io/manta,169,0,manta
https://manta.nirvanalabs.xyz/mantapublic,169,1,manta
https://r1.pacific.manta.systems/http,169,2,manta
https://manta-pacific.drpc.org,169,3,manta
https://pacific-rpc.manta.network/http,169,4,manta
https://rpc.ankr.com/xlayer_testnet,195,0,xlayer-testnet
https://xlayer-testnet.drpc.org,195,1,xlayer-testnet
https://xlayertestrpc.okx.com,195,2,xlayer-testnet
https://testrpc.xlayer.tech,195,3,xlayer-testnet
https://moonbase-rpc.dwellir.com,195,4,xlayer-testnet
https://rpc.ankr.com/xlayer,196,0,xlayer
https://xlayerrpc.okx.com,196,1,xlayer
https://xlayer.drpc.org,196,2,xlayer
https://rpc.xlayer.tech,196,3,xlayer
https://1rpc.io/opbnb,204,0,opbnb
https://opbnb.drpc.org,204,1,opbnb
https://opbnb-mainnet-rpc.bnbchain.org,204,2,opbnb
https://opbnb-mainnet.nodereal.io/v1/e9a36765eb8a40b9bd12e680a1fd2bc5,204,3,opbnb
https://opbnb-mainnet.nodereal.io/v1/64a9df0874fb4a93b9d0a3849de012d3,204,4,opbnb
https://opbnb-rpc.publicnode.com,204,5,opbnb
https://opbnb.publicnode.com,204,6,opbnb
https://opbnb.therpc.io,204,7,opbnb
https://lens.drpc.org,232,0,lens
https://rpc.lens.xyz,232,1,lens
https://light-icy-dinghy.lens-mainnet.quiknode.pro,232,2,lens
https://rpc.ankr.com/tac,239,0,tac
https://rpc.tac.build,239,1,tac
https://tac.therpc.io,239,2,tac
https://testnet.zkevm.cronos.org,240,0,cronoszkevm-testnet
https://seed.testnet.zkevm.cronos.org,240,1,cronoszkevm-testnet
https://1rpc.io/ftm,250,0,fantom
https://fantom.drpc.org,250,1,fantom
https://fantom-rpc.publicnode.com,250,2,fantom
https://fantom-public.nodies.app,250,3,fantom
https://fantom-mainnet.public.blastapi.io,250,4,fantom
https://fantom-pokt.nodies.app,250,5,fantom
https://rpcapi.fantom.network,250,6,fantom
https://rpc.fantom.network,250,7,fantom
https://rpc3.fantom.network,250,8,fantom
https://fantom-json-rpc.stakely.io,250,9,fantom
https://fantom.therpc.io,250,10,fantom
https://api.zan.top/ftm-mainnet,250,11,fantom
https://rpc2.fantom.network,250,12,fantom
https://fantom.api.onfinality.io/public,250,13,fantom
https://fraxtal.drpc.org,252,0,fraxtal
https://fraxtal.gateway.tenderly.co,252,1,fraxtal
https://rpc.frax.com,252,2,fraxtal
https://fraxtal-rpc.publicnode.com,252,3,fraxtal
https://rpc.orderly.network,291,0,orderly
https://mainnet.hashio.io/api,295,0,hedera
https://hedera.linkpool.pro,295,1,hedera
https://testnet.hashio.io/api,296,0,hedera-testnet
https://rpc.ankr.com/zksync_era_sepolia,300,0,zksync-sepolia
https://sepolia.era.zksync.dev,300,1,zksync-sepolia
https://zksync-sepolia.drpc.org,300,2,zksync-sepolia
https://1rpc.io/zksync2-era,324,0,zksync
https://rpc.ankr.com/zksync_era,324,1,zksync
https://mainnet.era.zksync.io,324,2,zksync
https://zksync.drpc.org,324,3,zksync
https://go.getblock.io/f76c09905def4618a34946bf71851542,324,4,zksync
https://api.zan.top/zksync-mainnet,324,5,zksync
https://zksync.api.onfinality.io/public,324,6,zksync
https://subnets.avax.network/defi-kingdoms/dfk-chain-testnet/rpc,335,0,dfk-testnet
https://cronos-testnet.drpc.org,338,0,cronosevm-testnet
https://evm-dev-t3.cronos.org,338,1,cronosevm-testnet
https://evm-t3.cronos.org,338,2,cronosevm-testnet
https://mainnet.zkevm.cronos.org,388,0,cronoszkevm
https://seed.zkevm.cronos.org,388,1,cronoszkevm
https://cronos-zkevm.drpc.org,388,2,cronoszkevm
https://rpc.form.network/http,478,0,form-testnet
https://rpc.form.network/infra-partner-http,478,1,form-testnet
https://worldchain-mainnet.g.alchemy.com/public,480,0,worldchain
https://480.rpc.thirdweb.com,480,1,worldchain
https://worldchain-mainnet.gateway.tenderly.co,480,2,worldchain
https://worldchain.drpc.org,480,3,worldchain
https://sparkling-autumn-dinghy.worldchain-mainnet.quiknode.pro,480,4,worldchain
https://testnet.evm.nodes.onflow.org,545,0,flow-testnet
https://1rpc.io/astr,592,0,astar
https://astar.api.onfinality.io/public,592,1,astar
https://astar.public.curie.radiumblock.co/ws,592,2,astar
https://astar-rpc.dwellir.com,592,3,astar
https://evm.astar.network,592,4,astar
https://astar.public.curie.radiumblock.co/http,592,5,astar
https://astar.public.blastapi.io,592,6,astar
https://mainnet.evm.nodes.onflow.org,747,0,flow
https://mode-testnet.drpc.org,919,0,mode-testnet
https://sepolia.mode.network,919,1,mode-testnet
https://test.chain.opentensor.ai,945,0,subtensorevm-testnet
https://bittensor-testnet-lite-public.nodies.app,945,1,subtensorevm-testnet
https://rpc.lyra.finance,957,0,lyra
https://lite.chain.opentensor.ai,964,0,subtensorevm
https://bittensor-lite-public.nodies.app,964,1,subtensorevm
https://rpc.hyperliquid-testnet.xyz/evm,998,0,hyperliquid-testnet
https://spectrum-01.simplystaking.xyz/hyperliquid-tn-rpc/evm,998,1,hyperliquid-testnet
https://hyperliquid.drpc.org,999,0,hyperliquid
https://rpc.hyperliquid.xyz/evm,999,1,hyperliquid
https://rpc.hyperlend.finance,999,2,hyperliquid
https://rpc.hypurrscan.io,999,3,hyperliquid
https://hyperliquid-json-rpc.stakely.io,999,4,hyperliquid
https://rpc.ankr.com/kaia_testnet,1001,0,klaytn-baobab
https://public-en-kairos.node.kaia.io,1001,1,klaytn-baobab
https://kaia-kairos.gateway.tatum.io,1001,2,klaytn-baobab
https://kaia-kairos.blockpi.network/v1/rpc/public,1001,3,klaytn-baobab
https://responsive-green-emerald.kaia-kairos.quiknode.pro,1001,4,klaytn-baobab
https://conflux-espace.blockpi.network/v1/rpc/public,1030,0,conflux
https://conflux-espace-public.unifra.io,1030,1,conflux
https://evm.confluxrpc.com,1030,2,conflux
https://json-rpc.evm.iotaledger.net,1075,0,iota-testnet
https://metis-andromeda.rpc.thirdweb.com,1088,0,metis
https://metis.drpc.org,1088,1,metis
https://andromeda.metis.io/?owner=1088,1088,2,metis
https://metis-andromeda.gateway.tenderly.co,1088,3,metis
https://metis-rpc.publicnode.com,1088,4,metis
https://metis-mainnet.public.blastapi.io,1088,5,metis
https://metis-public.nodies.app,1088,6,metis
https://metis.api.onfinality.io/public,1088,7,metis
https://metis-pokt.nodies.app,1088,8,metis
https://1rpc.io/polygon/zkevm,1101,0,zkevm
https://zkevm-rpc.com,1101,1,zkevm
https://polygon-zkevm.drpc.org,1101,2,zkevm
https://rpc.polygon-zkevm.gateway.fm,1101,3,zkevm
https://polygon-zkevm-mainnet.public.blastapi.io,1101,4,zkevm
https://polygon-zkevm-public.nodies.app,1101,5,zkevm
https://core-testnet.drpc.org,1115,0,coredao-testnet
https://rpc.test.btcs.network,1115,1,coredao-testnet
https://rpc.ankr.com/core,1116,0,coredao
https://api.zan.top/core-mainnet,1116,1,coredao
https://core.drpc.org,1116,2,coredao
https://1rpc.io/core,1116,3,coredao
https://rpc.coredao.org,1116,4,coredao
https://rpc-core.icecreamswap.com,1116,5,coredao
https://rpc.api.lisk.com,1135,0,lisk
https://lisk.drpc.org,1135,1,lisk
https://lisk.gateway.tenderly.co,1135,2,lisk
https://1rpc.io/glmr,1284,0,moonbeam
https://rpc.api.moonbeam.network,1284,1,moonbeam
https://moonbeam.unitedbloc.com,1284,2,moonbeam
https://moonbeam.drpc.org,1284,3,moonbeam
https://moonbeam.api.onfinality.io/public,1284,4,moonbeam
https://rpc.poolz.finance/moonbeam,1284,5,moonbeam
https://moonbeam-rpc.publicnode.com,1284,6,moonbeam
https://moonbeam.therpc.io,1284,7,moonbeam
https://moonbeam-rpc.dwellir.com,1284,8,moonbeam
https://moonbeam.public.curie.radiumblock.co/ws,1284,9,moonbeam
https://rpc.api.moonriver.moonbeam.network,1285,0,moonriver
https://moonriver.api.onfinality.io/public,1285,1,moonriver
https://moonriver.unitedbloc.com,1285,2,moonriver
https://moonriver.drpc.org,1285,3,moonriver
https://moonriver-rpc.publicnode.com,1285,4,moonriver
https://moonriver-rpc.dwellir.com,1285,5,moonriver
https://rpc.api.moonbase.moonbeam.network,1287,0,moonbase
https://moonbase.unitedbloc.com,1287,1,moonbase
https://moonbeam-alpha.api.onfinality.io/public,1287,2,moonbase
https://moonbase-alpha.drpc.org,1287,3,moonbase
https://moonbase-rpc.dwellir.com,1287,4,moonbase
https://rpc.glue.net,1300,0,glue
https://mainnet-node.m9.glue.net,1300,1,glue
https://unichain-sepolia.drpc.org,1301,0,kevnet-testnet
https://sepolia.unichain.org,1301,1,kevnet-testnet
https://unichain-sepolia-rpc.publicnode.com,1301,2,kevnet-testnet
https://unichain-sepolia.therpc.io,1301,3,kevnet-testnet
https://unichain-sepolia.api.onfinality.io/public,1301,4,kevnet-testnet
https://sei.drpc.org,1329,0,sei
https://evm-rpc.sei-apis.com,1329,1,sei
https://sei-public.nodies.app,1329,2,sei
https://sei-evm-rpc.stakeme.pro,1329,3,sei
https://testnet.sentry.chain.json-rpc.injective.network,1439,0,injective1439-testnet
https://injectiveevm-testnet-rpc.polkachu.com,1439,1,injective1439-testnet
https://rpc.vana.org,1480,0,islander
https://evm-rpc-vana.josephtran.xyz,1480,1,islander
https://evm-rpc-vana.j-node.net,1480,2,islander
https://rpc.ankr.com/story_mainnet,1514,0,story
https://mainnet.storyrpc.io,1514,1,story
https://story-evm-rpc.spidernode.net,1514,2,story
https://story-evm-rpc.krews.xyz,1514,3,story
https://evmrpc.story.nodestake.org,1514,4,story
https://story-mainnet-evmrpc.mandragora.io,1514,5,story
https://evm-rpc.story.mainnet.dteam.tech,1514,6,story
https://evm-rpc.story.silentvalidator.com,1514,7,story
https://evm-rpc-archive.story.node75.org,1514,8,story
https://evm.story.cumulo.me,1514,9,story
https://lightnode-json-rpc-mainnet-story.grandvalleys.com,1514,10,story
https://rpc.ankr.com/tenet_evm,1559,0,tenet
https://tenet-evm.publicnode.com,1559,1,tenet
https://rpc.ankr.com/gravity,1625,0,gravity
https://rpc.gravity.xyz,1625,1,gravity
https://rpc.reya.network,1729,0,reya
https://testnet-evm.lif3.com,1811,0,lif3-testnet
https://soneium.drpc.org,1868,0,soneium
https://rpc.soneium.org,1868,1,soneium
https://replicator.phoenix.lightlink.io/rpc/v1,1890,0,lightlink
https://replicator.pegasus.lightlink.io/rpc/v1,1891,0,lightlink-testnet
https://rpc.ankr.com/swell,1923,0,swell
https://swell-mainnet.alt.technology,1923,1,swell
https://rpc.ankr.com/swell_sepolia,1924,0,swell-testnet
https://swell-testnet.drpc.org,1924,1,swell-testnet
https://swell-testnet.alt.technology,1924,2,swell-testnet
https://soneium-minato.drpc.org,1946,0,minato-testnet
https://rpc.minato.soneium.org/,1946,1,minato-testnet
https://rpc.minato.soneium.org,1946,2,minato-testnet
https://sanko-arb-sepolia.rpc.caldera.xyz/http,1992,0,sanko-testnet
https://mainnet.sanko.xyz,1996,0,sanko
https://subnets.avax.network/shrapnel/testnet/rpc,2038,0,shrapnel-testnet
https://subnets.avax.network/shrapnel/mainnet/rpc,2044,0,shrapnel
https://stable-jsonrpc.testnet.chain0.dev,2201,0,stabledevnet-testnet
https://kava-testnet.drpc.org,2221,0,kava-testnet
https://evm.testnet.kava.io,2221,1,kava-testnet
https://rpc.ankr.com/kava_evm,2222,0,kava
https://evm.kava-rpc.com,2222,1,kava
https://kava.drpc.org,2222,2,kava
https://evm.kava.io,2222,3,kava
https://evm2.kava.io,2222,4,kava
https://kava-evm-rpc.publicnode.com,2222,5,kava
https://kava-public.nodies.app,2222,6,kava
https://kava-pokt.nodies.app,2222,7,kava
https://kava.api.onfinality.io/public,2222,8,kava
https://rpc.ankr.com/goat_mainnet,2345,0,goat
https://rpc.goat.network,2345,1,goat
https://goat-mainnet-alpha.drpc.org,2345,2,goat
https://silicon-mainnet.nodeinfra.com,2355,0,silicon
https://rpc.silicon.network,2355,1,silicon
https://rpc.ankr.com/tac_spb,2391,0,tacspb-testnet
https://spb.rpc.tac.build,2391,1,tacspb-testnet
https://rpc.cardona.zkevm-rpc.com,2442,0,zkpolygon-sepolia
https://fraxtal-holesky-rpc.publicnode.com,2522,0,fraxtal-testnet
https://rpc.testnet.frax.com,2522,1,fraxtal-testnet
https://mainnet.rpc.inevm.com/http,2525,0,bb1
https://rpc.ankr.com/bahamut_horizon,2552,0,bahamut-testnet
https://rpc1.ocean.bahamut.io,2552,1,bahamut-testnet
https://api.mainnet.abs.xyz,2741,0,abstract
https://abstract.drpc.org,2741,1,abstract
https://abstract.api.onfinality.io/public,2741,2,abstract
https://rpc-quicknode-holesky.morphl2.io,2810,0,morph-testnet
https://rpc-holesky.morphl2.io,2810,1,morph-testnet
https://rpc.morphl2.io,2818,0,morph
https://rpc-quicknode.morphl2.io,2818,1,morph
https://quicknode3.peaq.xyz,3338,0,peaq
https://quicknode1.peaq.xyz,3338,1,peaq
https://quicknode2.peaq.xyz,3338,2,peaq
https://rpc.ankr.com/botanix_testnet,3636,0,botanix-testnet
https://node.botanixlabs.dev,3636,1,botanix-testnet
https://rpc.ankr.com/botanix_mainnet,3637,0,botanix
https://rpc.botanixlabs.com,3637,1,botanix
https://test.doschain.com,3939,0,dos-testnet
https://fantom.api.onfinality.io/public,4002,0,fantom-testnet
https://rpc.testnet.fantom.network,4002,1,fantom-testnet
https://fantom-testnet-rpc.publicnode.com,4002,2,fantom-testnet
https://fantom-testnet.therpc.io,4002,3,fantom-testnet
https://fantom-testnet.drpc.org,4002,4,fantom-testnet
https://rpc.testnet.fantom.network/,4002,5,fantom-testnet
https://merlin.drpc.org,4200,0,merlin
https://rpc.merlinchain.io,4200,1,merlin
https://merlin.blockpi.network/v1/rpc/public,4200,2,merlin
https://rpc.sepolia-api.lisk.com,4202,0,lisk-testnet
https://subnets.avax.network/beam/mainnet/rpc,4337,0,beam
https://build.onbeam.com/rpc,4337,1,beam
https://testnet-rpc.orderly.org,4460,0,orderly-testnet
https://4801.rpc.thirdweb.com,4801,0,worldcoin-testnet
https://worldchain-sepolia.gateway.tenderly.co,4801,1,worldcoin-testnet
https://worldchain-sepolia.drpc.org,4801,2,worldcoin-testnet
https://worldchain-sepolia.g.alchemy.com/public,4801,3,worldcoin-testnet
https://1rpc.io/mantle,5000,0,mantle
https://api.zan.top/mantle-mainnet,5000,1,mantle
https://rpc.mantle.xyz,5000,2,mantle
https://mantle.api.onfinality.io/public,5000,3,mantle
https://mantle-public.nodies.app,5000,4,mantle
https://mantle-mainnet.public.blastapi.io,5000,5,mantle
https://mantle.drpc.org,5000,6,mantle
https://mantle-sepolia.drpc.org,5003,0,mantle-sepolia
https://rpc.sepolia.mantle.xyz,5003,1,mantle-sepolia
https://rpc.testnet.citrea.xyz,5115,0,citrea-testnet
https://opbnb-testnet.nodereal.io/v1/e9a36765eb8a40b9bd12e680a1fd2bc5,5611,0,opbnb-testnet
https://opbnb-testnet.therpc.io,5611,1,opbnb-testnet
https://opbnb-testnet-rpc.bnbchain.org,5611,2,opbnb-testnet
https://opbnb-testnet.nodereal.io/v1/64a9df0874fb4a93b9d0a3849de012d3,5611,3,opbnb-testnet
https://opbnb-testnet-rpc.publicnode.com,5611,4,opbnb-testnet
https://carrot.megaeth.com/rpc,6342,0,megaeth-testnet
https://evm-rpc.nibiru.fi,6900,0,animechain-testnet
https://rpc.cyber.co,7560,0,cyber
https://cyber.alt.technology,7560,1,cyber
https://porcini.rootnet.app/archive,7672,0,root-testnet
https://canto.gravitychain.io,7700,0,canto
https://canto-rpc.ansybl.io,7700,1,canto
https://main.doschain.com,7979,0,dos
https://rpc.ankr.com/kaia,8217,0,klaytn
https://1rpc.io/klay,8217,1,klaytn
https://klaytn.api.onfinality.io/public,8217,2,klaytn
https://klaytn-pokt.nodies.app,8217,3,klaytn
https://kaia-public.nodies.app,8217,4,klaytn
https://go.getblock.io/d7094dbd80ab474ba7042603fe912332,8217,5,klaytn
https://klaytn.drpc.org,8217,6,klaytn
https://public-en.node.kaia.io,8217,7,klaytn
https://kaia.blockpi.network/v1/rpc/public,8217,8,klaytn
https://kaia.therpc.io,8217,9,klaytn
https://kaia-mainnet.rpc.grove.city/v1/803ceedf,8217,10,klaytn
https://subnets.avax.network/space/mainnet/rpc,8227,0,space
https://1rpc.io/base,8453,0,base
https://rpc.poolz.finance/base,8453,1,base
https://0xrpc.io/base,8453,2,base
https://gateway.tenderly.co/public/base,8453,3,base
https://base.gateway.tenderly.co,8453,4,base
https://base.drpc.org,8453,5,base
https://developer-access-mainnet.base.org,8453,6,base
https://base.lava.build,8453,7,base
https://mainnet.base.org,8453,8,base
https://base.api.onfinality.io/public,8453,9,base
https://base-rpc.publicnode.com,8453,10,base
https://base.public.blockpi.network/v1/rpc/public,8453,11,base
https://base-mainnet.public.blastapi.io,8453,12,base
https://base-pokt.nodies.app,8453,13,base
https://base.meowrpc.com,8453,14,base
https://base-public.nodies.app,8453,15,base
https://base.rpc.subquery.network/public,8453,16,base
https://base.llamarpc.com,8453,17,base
https://api.zan.top/base-mainnet,8453,18,base
https://rpc.ankr.com/iota_evm,8822,0,iota
https://json-rpc.evm.iotaledger.net,8822,1,iota
https://evmos-testnet.drpc.org,9000,0,ondo-testnet
https://alphab.ai/rpc/eth/evmos_testnet,9000,1,ondo-testnet
https://evmos-testnet-evm-rpc.publicnode.com,9000,2,ondo-testnet
https://rpc.nexus.mainnet.apexfusion.org,9069,0,apexfusionnexus
https://rpc.nexus.testnet.apexfusion.org,9070,0,apexfusionnexus-testnet
https://testnet-rpc.plasma.to,9746,0,plasma2-testnet
https://rpc-2.testnet.japanopenchain.org:8545,10081,0,joc-testnet
https://rpc-1.testnet.japanopenchain.org:8545,10081,1,joc-testnet
https://rpc-3.testnet.japanopenchain.org,10081,2,joc-testnet
https://rpc.ankr.com/monad_testnet,10143,0,monad-testnet
https://testnet-rpc.monad.xyz,10143,1,monad-testnet
https://monad-testnet.drpc.org,10143,2,monad-testnet
https://rpc.chiadochain.net,10200,0,chiado
https://gnosis-chiado.drpc.org,10200,1,chiado
https://rpc.chiado.gnosis.gateway.fm,10200,2,chiado
https://gnosis-chiado-rpc.publicnode.com,10200,3,chiado
https://gnosis-chiado.publicnode.com,10200,4,chiado
https://api.testnet.abs.xyz,11124,0,abstract-testnet
https://abstract-sepolia.drpc.org,11124,1,abstract-testnet
https://rpc-mainnet-1.geb.network,11501,0,bevm
https://rpc-mainnet-1.bevm.io/,11501,1,bevm
https://rpc-mainnet-2.geb.network,11501,2,bevm
https://rpc-mainnet-2.bevm.io/,11501,3,bevm
https://subnets.avax.network/beam/testnet/rpc,13337,0,beam-testnet
https://build.onbeam.com/rpc/testnet,13337,1,beam-testnet
https://rpc.moksha.vana.org,14800,0,moksha-testnet
https://1rpc.io/holesky,17000,0,holesky-testnet
https://holesky.gateway.tenderly.co,17000,1,holesky-testnet
https://api.zan.top/eth-holesky,17000,2,holesky-testnet
https://holesky.drpc.org,17000,3,holesky-testnet
https://ethereum-holesky-rpc.publicnode.com,17000,4,holesky-testnet
https://ethereum-holesky.publicnode.com,17000,5,holesky-testnet
https://rpc-holesky.rockx.com,17000,6,holesky-testnet
https://rpc.mainnet.oasys.homeverse.games,19011,0,homeverse
https://apechain-curtis.drpc.org,33111,0,curtis-testnet
https://curtis.rpc.caldera.xyz/http,33111,1,curtis-testnet
https://rpc.curtis.apechain.com,33111,2,curtis-testnet
https://apechain.drpc.org,33139,0,ape
https://rpc.apechain.com,33139,1,ape
https://1rpc.io/mode,34443,0,mode
https://mode.drpc.org,34443,1,mode
https://mode.gateway.tenderly.co,34443,2,mode
https://mainnet.mode.network,34443,3,mode
https://lens-testnet.drpc.org,37111,0,lens-testnet
https://rpc.testnet.lens.dev,37111,1,lens-testnet
https://rpc.testnet.oasys.homeverse.games,40875,0,homeverse-testnet
https://rpc.edu-chain.raas.gelato.cloud,41923,0,edu
https://arb-mainnet.g.alchemy.com/v2/KhVdIItVH0ttiQvBYYO5NPL-De-gLWoW,42161,0,arbitrum
https://arbitrum.gateway.tenderly.co,42161,1,arbitrum
https://arb-mainnet.g.alchemy.com/v2/N71NRfHZGk2jbnDkW-GiM6fTe6ysJOmp,42161,2,arbitrum
https://arbitrum.drpc.org,42161,3,arbitrum
https://rpc.poolz.finance/arbitrum,42161,4,arbitrum
https://arb1.lava.build,42161,5,arbitrum
https://arbitrum.rpc.subquery.network/public,42161,6,arbitrum
https://arbitrum.api.onfinality.io/public,42161,7,arbitrum
https://arb-pokt.nodies.app,42161,8,arbitrum
https://arbitrum-one-rpc.publicnode.com,42161,9,arbitrum
https://arbitrum-one-public.nodies.app,42161,10,arbitrum
https://arbitrum-one.public.blastapi.io,42161,11,arbitrum
https://arbitrum.meowrpc.com,42161,12,arbitrum
https://arb1.arbitrum.io/rpc,42161,13,arbitrum
https://arbitrum.public.blockpi.network/v1/rpc/public,42161,14,arbitrum
https://api.zan.top/arb-one,42161,15,arbitrum
https://1rpc.io/arb,42161,16,arbitrum
https://arbitrum-nova.gateway.tenderly.co,42170,0,nova
https://docs-demo.nova-mainnet.quiknode.pro,42170,1,nova
https://arbitrum-nova.drpc.org,42170,2,nova
https://arbitrum-nova-rpc.publicnode.com,42170,3,nova
https://arbitrum-nova.public.blastapi.io,42170,4,nova
https://nova.arbitrum.io/rpc,42170,5,nova
https://rpc.ankr.com/celo,42220,0,celo
https://forno.celo.org,42220,1,celo
https://celo.drpc.org,42220,2,celo
https://celo-json-rpc.stakely.io,42220,3,celo
https://rpc.ankr.com/etherlink_mainnet,42793,0,etherlink
https://node.mainnet.etherlink.com,42793,1,etherlink
https://hemi.drpc.org,43111,0,hemi
https://rpc.hemi.network/rpc,43111,1,hemi
https://api.avax-test.network/ext/bc/C/rpc,43113,0,fuji
https://avalanche-fuji.drpc.org,43113,1,fuji
https://api.zan.top/avax-fuji/ext/bc/C/rpc,43113,2,fuji
https://ava-testnet.public.blastapi.io/ext/bc/C/rpc,43113,3,fuji
https://avalanche-fuji-c-chain-rpc.publicnode.com,43113,4,fuji
https://avalanche-fuji.therpc.io,43113,5,fuji
https://1rpc.io/avax/c,43114,0,avalanche
https://rpc.poolz.finance/avalanche,43114,1,avalanche
https://api.avax.network/ext/bc/C/rpc,43114,2,avalanche
https://avalanche.drpc.org,43114,3,avalanche
https://avalanche-mainnet.gateway.tenderly.co,43114,4,avalanche
https://api.zan.top/avax-mainnet/ext/bc/C/rpc,43114,5,avalanche
https://avalanche.api.onfinality.io/public/ext/bc/C/rpc,43114,6,avalanche
https://ava-mainnet.public.blastapi.io/ext/bc/C/rpc,43114,7,avalanche
https://0xrpc.io/avax,43114,8,avalanche
https://avax-pokt.nodies.app/ext/bc/C/rpc,43114,9,avalanche
https://avalanche-c-chain-rpc.publicnode.com,43114,10,avalanche
https://avalanche-public.nodies.app/ext/bc/C/rpc,43114,11,avalanche
https://spectrum-01.simplystaking.xyz/avalanche-mn-rpc/ext/bc/C/rpc,43114,12,avalanche
https://rpc.gunzchain.io/ext/bc/2M47TxWHGnhNtq6pM5zPXdATBtuqubxn5EPFgFmEawCQr9WFML/rpc,43419,0,gunz
https://rpc.formicarium.memecore.net,43521,0,memecoreformicarium-testnet
https://alfajores-forno.celo-testnet.org,44787,0,alfajores
https://celo-alfajores.drpc.org,44787,1,alfajores
https://subnets.avax.network/space/testnet/rpc,48795,0,otherworld-testnet
https://mainnet.aurora.dev,48900,0,zircuit
https://mainnet.zircuit.com,48900,1,zircuit
https://zircuit1-mainnet.p2pify.com,48900,2,zircuit
https://zircuit-mainnet.drpc.org,48900,3,zircuit
https://zircuit1-mainnet.liquify.com,48900,4,zircuit
https://rpc.gunz.dev/ext/bc/ryk9vkvNuKtewME2PeCgybo9sdWXGmCkBrrx4VPuZPdVdAak8/rpc,49321,0,gunzilla-testnet
https://rpc.sophon.xyz,50104,0,sophon
https://rpc-quicknode.sophon.xyz,50104,1,sophon
https://rpc.ankr.com/somnia_testnet/6e3fd81558cf77b928b06b38e9409b4677b637118114e83364486294d5ff4811,50312,0,somniashannon-testnet
https://dream-rpc.somnia.network,50312,1,somniashannon-testnet
https://subnets.avax.network/defi-kingdoms/dfk-chain/rpc,53935,0,dfk
https://rpc.superposition.so,55244,0,superposition
https://sonic-testnet.drpc.org,57054,0,sonic-testnet
https://sonic-blaze-rpc.publicnode.com,57054,1,sonic-testnet
https://sonic-blaze.therpc.io,57054,2,sonic-testnet
https://rpc.blaze.soniclabs.com,57054,3,sonic-testnet
https://ink.drpc.org,57073,0,ink
https://rpc-qnd.inkonchain.com,57073,1,ink
https://rpc-gel.inkonchain.com,57073,2,ink
https://ink-public.nodies.app,57073,3,ink
https://linea-sepolia.drpc.org,59141,0,lineasep-testnet
https://rpc.sepolia.linea.build,59141,1,lineasep-testnet
https://linea-sepolia-rpc.publicnode.com,59141,2,lineasep-testnet
https://linea-sepolia.therpc.io,59141,3,lineasep-testnet
https://1rpc.io/linea,59144,0,linea
https://rpc.linea.build,59144,1,linea
https://linea.drpc.org,59144,2,linea
https://linea.therpc.io,59144,3,linea
https://linea-rpc.publicnode.com,59144,4,linea
https://sepolia.metisdevops.link,59902,0,metissep-testnet
https://metis-sepolia.gateway.tenderly.co,59902,1,metissep-testnet
https://metis-sepolia-rpc.publicnode.com,59902,2,metissep-testnet
https://bob.drpc.org,60808,0,bob
https://bob.gateway.tenderly.co,60808,1,bob
https://rpc.gobob.xyz,60808,2,bob
https://bob-mainnet.public.blastapi.io,60808,3,bob
https://bob-mainnet.blastapi.io/278bd36b-e02e-4391-a2b6-54e68e6695fd,60808,4,bob
https://xchain-testnet-rpc.idex.io,64002,0,xchain-testnet
https://xchain-testnet-rpc.kuma.bid,64002,1,xchain-testnet
https://polygon-amoy.drpc.org,80002,0,amoy-testnet
https://polygon-amoy.gateway.tenderly.co,80002,1,amoy-testnet
https://rpc-amoy.polygon.technology,80002,2,amoy-testnet
https://polygon-amoy.api.onfinality.io/public,80002,3,amoy-testnet
https://polygon-amoy-bor-rpc.publicnode.com,80002,4,amoy-testnet
https://polygon-amoy-public.nodies.app,80002,5,amoy-testnet
https://api.zan.top/polygon-amoy,80002,6,amoy-testnet
https://bepolia.rpc.berachain.com,80069,0,bepolia-testnet
https://berachain-bepolia.therpc.io,80069,1,bepolia-testnet
https://berachain.drpc.org,80094,0,bera
https://rpc.berachain.com,80094,1,bera
https://rpc.berachain-apis.com,80094,2,bera
https://blast.drpc.org,81457,0,blast
https://rpc.ankr.com/blast,81457,1,blast
https://blast.gateway.tenderly.co,81457,2,blast
https://rpc.blast.io,81457,3,blast
https://blast.din.dev/rpc,81457,4,blast
https://blastl2-mainnet.public.blastapi.io,81457,5,blast
https://blast-rpc.publicnode.com,81457,6,blast
https://blast-public.nodies.app,81457,7,blast
https://base-sepolia.gateway.tenderly.co,84532,0,base-sepolia
https://sepolia.base.org,84532,1,base-sepolia
https://base-sepolia.drpc.org,84532,2,base-sepolia
https://base-sepolia-rpc.publicnode.com,84532,3,base-sepolia
https://base-sepolia-public.nodies.app,84532,4,base-sepolia
https://base-sepolia.api.onfinality.io/public,84532,5,base-sepolia
https://xchain-rpc.idex.io,94524,0,xchain
https://xchain-rpc.kuma.bid,94524,1,xchain
https://rpc-plume-mainnet-0.t.conduit.xyz,98865,0,plume
https://rpc.plume.org,98866,0,plumephoenix
https://testnet-rpc.superposition.so,98985,0,superposition-testnet
https://rpc.ankr.com/etherlink_testnet,128123,0,etherlink-testnet
https://node.ghostnet.etherlink.com,128123,1,etherlink-testnet
https://rpc.tatara.katanarpc.com,129399,0,katana-testnet
https://rpctn.openledger.xyz,161201,0,openledger-testnet
https://rpc.ankr.com/taiko,167000,0,taiko
https://rpc.mainnet.taiko.xyz,167000,1,taiko
https://taiko.drpc.org,167000,2,taiko
https://rpc.taiko.xyz,167000,3,taiko
https://taiko-mainnet.gateway.tenderly.co,167000,4,taiko
https://taiko-rpc.publicnode.com,167000,5,taiko
https://taiko.therpc.io,167000,6,taiko
https://taiko-json-rpc.stakely.io,167000,7,taiko
https://rpc.ankr.com/taiko_hekla,167009,0,taiko-testnet
https://rpc.hekla.taiko.xyz,167009,1,taiko-testnet
https://taiko-hekla.gateway.tenderly.co,167009,2,taiko-testnet
https://taiko-hekla.drpc.org,167009,3,taiko-testnet
https://taiko-hekla-rpc.publicnode.com,167009,4,taiko-testnet
https://taiko-hekla.therpc.io,167009,5,taiko-testnet
https://rpc.ankr.com/bitlayer_testnet,200810,0,bitlayer-testnet
https://testnet-rpc.bitlayer.org,200810,1,bitlayer-testnet
https://testnet-rpc.bitlayer-rpc.com,200810,2,bitlayer-testnet
https://rpc.ankr.com/bitlayer,200901,0,bitlayer
https://rpc.bitlayer.org,200901,1,bitlayer
https://rpc.bitlayer-rpc.com,200901,2,bitlayer
https://rpc-bitlayer.rockx.com,200901,3,bitlayer
https://rpc-campnetwork.xyz,325000,0,camp-testnet
https://api.zan.top/arb-sepolia,421614,0,arbitrum-sepolia
https://arbitrum-sepolia.gateway.tenderly.co,421614,1,arbitrum-sepolia
https://arbitrum-sepolia.drpc.org,421614,2,arbitrum-sepolia
https://arbitrum-sepolia.api.onfinality.io/public,421614,3,arbitrum-sepolia
https://arbitrum-sepolia-rpc.publicnode.com,421614,4,arbitrum-sepolia
https://sepolia-rollup.arbitrum.io/rpc,421614,5,arbitrum-sepolia
https://subnets.avax.network/dexalot/testnet/rpc,432201,0,dexalot-testnet
https://subnets.avax.network/dexalot/mainnet/rpc,432204,0,dexalot
https://scroll-sepolia.drpc.org,534351,0,scroll-testnet
https://sepolia-rpc.scroll.io,534351,1,scroll-testnet
https://scroll-sepolia-rpc.publicnode.com,534351,2,scroll-testnet
https://scroll-sepolia-public.nodies.app,534351,3,scroll-testnet
https://1rpc.io/scroll,534352,0,scroll
https://scroll.drpc.org,534352,1,scroll
https://rpc.scroll.io,534352,2,scroll
https://scroll-mainnet.public.blastapi.io,534352,3,scroll
https://scroll-rpc.publicnode.com,534352,4,scroll
https://scroll-public.nodies.app,534352,5,scroll
https://scroll.api.onfinality.io/public,534352,6,scroll
https://open-campus-codex-sepolia.drpc.org,656476,0,opencampus-testnet
https://rpc.open-campus-codex.gelato.digital,656476,1,opencampus-testnet
https://rpc.etherealtest.net,657468,0,ethereal-testnet
https://rpc.ankr.com/xai,660279,0,xai
https://xai-chain.net/rpc,660279,1,xai
https://testnet-rpc.merlinchain.io,686868,0,merlin-testnet
https://subnets.avax.network/tiltyard/mainnet/rpc,710420,0,tiltyard
https://sei-devnet.drpc.org,713715,0,sei-testnet
https://evm-rpc.arctic-1.seinetwork.io,713715,1,sei-testnet
https://evm-rpc-arctic-1.sei-apis.com,713715,2,sei-testnet
https://hemi-testnet.drpc.org,743111,0,hemi-testnet
https://testnet.rpc.hemi.network/rpc,743111,1,hemi-testnet
https://rpc.katana.network,747474,0,katana
https://ink-sepolia.drpc.org,763373,0,ink-testnet
https://rpc-gel-sepolia.inkonchain.com,763373,1,ink-testnet
https://rpc.zklink.io,810180,0,zklink
https://sepolia.rpc.zklink.io,810181,0,zklink-testnet
https://manta-sepolia.rpc.caldera.xyz/http,3441006,0,mantasep-testnet
https://pacific-rpc.sepolia-testnet.manta.network/http,3441006,1,mantasep-testnet
https://rpc.lootchain.com/http,5151706,0,loot
https://humanity-mainnet.g.alchemy.com/public,6985385,0,humanity
https://humanity-testnet.g.alchemy.com/public,7080969,0,humanity-testnet
https://zora.drpc.org,7777777,0,zora
https://rpc.zora.energy,7777777,1,zora
https://rpc.zora.energy/,7777777,2,zora
https://rpc-sepolia.rockx.com,11155111,0,sepolia
https://op-sepolia-pokt.nodies.app,11155111,1,sepolia
https://eth-sepolia.public.blastapi.io,11155111,2,sepolia
https://sepolia.gateway.tenderly.co,11155111,3,sepolia
https://gateway.tenderly.co/public/sepolia,11155111,4,sepolia
https://api.zan.top/eth-sepolia,11155111,5,sepolia
https://ethereum-sepolia-rpc.publicnode.com,11155111,6,sepolia
https://1rpc.io/sepolia,11155111,7,sepolia
https://eth-sepolia.api.onfinality.io/public,11155111,8,sepolia
https://ethereum-sepolia.rpc.subquery.network/public,11155111,9,sepolia
https://0xrpc.io/sep,11155111,10,sepolia
https://rpc.sepolia.ethpandaops.io,11155111,11,sepolia
https://sepolia.drpc.org,11155111,12,sepolia
https://optimism-sepolia.drpc.org,11155420,0,optimism-sepolia
https://sepolia.optimism.io,11155420,1,optimism-sepolia
https://api.zan.top/opt-sepolia,11155420,2,optimism-sepolia
https://optimism-sepolia.gateway.tenderly.co,11155420,3,optimism-sepolia
https://optimism-sepolia.api.onfinality.io/public,11155420,4,optimism-sepolia
https://optimism-sepolia-public.nodies.app,11155420,5,optimism-sepolia
https://rpc.ankr.com/corn_maizenet,21000000,0,mp1
https://mainnet.corn-rpc.com,21000000,1,mp1
https://maizenet-rpc.usecorn.com,21000000,2,mp1
https://rpc.ankr.com/corn_testnet,21000001,0,mp1-testnet
https://testnet.corn-rpc.com,21000001,1,mp1-testnet
https://testnet-rpc.usecorn.com,21000001,2,mp1-testnet
https://rpc.reya-cronos.gelato.digital,89346162,0,reya-testnet
https://rpc.testnet.cyber.co,111557560,0,cyber-testnet
https://cyber-testnet.alt.technology,111557560,1,cyber-testnet
https://rpc.ankr.com/blast_testnet_sepolia,168587773,0,blast-testnet
https://sepolia.blast.io,168587773,1,blast-testnet
https://blast-testnet-public.nodies.app,168587773,2,blast-testnet
https://rpc.testnet.sophon.xyz,531050104,0,sophon-testnet
https://rpc-quicknode.testnet.sophon.xyz,531050104,1,sophon-testnet
https://rpc.degen.tips,666666666,0,degen
https://sepolia.rpc.zora.energy,999999999,0,zora-sepolia
https://1rpc.io/aurora,1313161554,0,aurora
https://aurora.drpc.org,1313161554,1,aurora
https://mainnet.aurora.dev,1313161554,2,aurora
https://aurora-testnet.drpc.org,1313161555,0,aurora-testnet
https://testnet.aurora.dev,1313161555,1,aurora-testnet
https://testnet.aurora.dev/,1313161555,2,aurora-testnet
https://mainnet.rpc.rarichain.org/http,1380012617,0,rarible
https://testnet.skalenodes.com/v1/juicy-low-small-testnet,1444673419,0,skale-testnet
https://1rpc.io/one,1666600000,0,harmony
https://api.s0.t.hmny.io,1666600000,1,harmony
https://api.harmony.one,1666600000,2,harmony
https://harmony-0.drpc.org,1666600000,3,harmony
https://a.api.s0.t.hmny.io,1666600000,4,harmony
https://api.s0.ps.hmny.io,1666900000,0,harmony-testnet
https://testnet.rpc.rarichain.org/http,1918988905,0,rarible-testnet
https://mainnet.skalenodes.com/v1/elated-tan-skat,2046399126,0,skale
https://testnet-v2.xai-chain.net/rpc,37714555429,0,xai-testnet
